__source_row,label,session_id,experiment_partition
0,distracted,distracted_20260612_182215_e5cc9805,heldout_test
1,distracted,distracted_20260612_182451_ec3a7775,development
2,distracted,distracted_20260612_182647_3cd34247,development
3,distracted,distracted_20260612_183036_e039e44a,development
4,distracted,distracted_20260612_183225_53210ca7,development
5,distracted,distracted_20260612_183632_0ecbee00,development
6,distracted,distracted_20260612_183859_8b6431b9,development
7,distracted,distracted_20260612_184047_aac526e6,development
8,distracted,distracted_20260612_184405_9ee0c931,development
9,distracted,distracted_20260612_184638_1af7b329,development
10,distracted,distracted_20260612_184909_03930fdf,development
11,distracted,distracted_20260612_185244_80e279d3,development
12,distracted,distracted_20260612_185726_e9e4116f,development
13,distracted,distracted_20260612_185918_e6ba2e78,development
14,distracted,distracted_20260612_190132_4b75f630,development
15,distracted,distracted_20260612_190336_55ee0c04,heldout_test
16,distracted,distracted_20260612_190512_8ff11cc7,development
17,distracted,distracted_20260612_190732_e3c333a4,development
18,distracted,distracted_20260612_190909_3a23a843,development
19,distracted,distracted_20260612_191115_829dd132,development
20,distracted,distracted_20260612_191407_5360d5ab,development
21,distracted,distracted_20260612_191626_d1b6e451,development
22,distracted,distracted_20260612_192013_71ddb4a9,development
23,distracted,distracted_20260612_192212_c28f822d,development
24,distracted,distracted_20260612_192411_9d4878cd,heldout_test
25,distracted,distracted_20260612_192842_7cd5c609,development
26,distracted,distracted_20260612_193803_ddb13883,development
27,distracted,distracted_20260612_194000_06ddb0bf,development
28,distracted,distracted_20260612_194252_64ab3128,development
29,distracted,distracted_20260612_194521_bfac7b78,heldout_test
30,distracted,distracted_20260612_194727_65319497,development
31,distracted,distracted_20260612_194925_e6809799,development
32,distracted,distracted_20260612_203008_83822a3c,development
33,distracted,distracted_20260612_203152_a988f386,heldout_test
34,distracted,distracted_20260612_203554_a5109eba,development
35,distracted,distracted_20260612_203818_e6516676,development
36,distracted,distracted_20260612_204006_d6853b97,development
37,distracted,distracted_20260612_204238_01ca1504,development
38,distracted,distracted_20260612_204504_ccf22124,development
39,distracted,distracted_20260612_204712_06015557,development
40,distracted,distracted_20260612_205038_a6d570f8,development
41,distracted,distracted_20260612_205352_0e850584,heldout_test
42,distracted,distracted_20260612_205518_b02c3b62,development
43,distracted,distracted_20260612_205733_6f76fe80,heldout_test
44,distracted,distracted_20260612_210012_bcdfb659,development
45,distracted,distracted_20260612_210210_9bcf270d,development
46,distracted,distracted_20260612_210405_5a8bbbf6,development
47,distracted,distracted_20260612_210531_103eb677,development
48,distracted,distracted_20260612_210723_b3cf9593,development
49,distracted,distracted_20260612_210949_1b3266ad,heldout_test
50,distracted,distracted_20260612_211247_b9404c96,development
51,distracted,distracted_20260612_211446_ef613765,development
52,distracted,distracted_20260612_211627_3ea1ecce,development
53,distracted,distracted_20260612_211820_a457105c,development
54,distracted,distracted_20260612_212019_af508c9d,development
55,distracted,distracted_20260612_212230_44fba56a,heldout_test
56,distracted,distracted_20260612_212508_999385ab,heldout_test
57,distracted,distracted_20260612_212649_4ba9f491,development
58,distracted,distracted_20260612_212851_9703787c,heldout_test
59,distracted,distracted_20260612_213038_66ecee6c,development
60,distracted,distracted_20260612_213249_9999d361,development
61,distracted,distracted_20260612_213435_715cd08f,development
62,distracted,distracted_20260612_213701_eaa522bb,heldout_test
63,distracted,distracted_20260612_213918_45118a75,heldout_test
64,distracted,distracted_20260612_214126_b6410261,development
65,distracted,distracted_20260612_214320_f7a4fe31,development
66,distracted,distracted_20260612_214505_ce3f2f14,development
67,distracted,distracted_20260612_214733_56e52fbe,development
68,distracted,distracted_20260612_215048_06ac9d45,development
69,distracted,distracted_20260612_215304_bd9fff84,development
70,distracted,distracted_20260612_215501_58efe950,heldout_test
71,distracted,distracted_20260612_215627_f5bc2151,heldout_test
72,distracted,distracted_20260612_215905_e51d7a33,development
73,distracted,distracted_20260612_220057_6207c140,development
74,distracted,distracted_20260612_220244_b0813a78,development
75,distracted,distracted_20260612_220436_7ec9bdf5,heldout_test
76,distracted,distracted_20260612_221940_bc072c03,development
77,fatigued,fatigued_20260610_204849_ca81fca6,development
78,fatigued,fatigued_20260610_205607_8887b0f9,development
79,fatigued,fatigued_20260610_205905_8cfa4763,development
80,fatigued,fatigued_20260610_210145_693e819a,development
81,fatigued,fatigued_20260610_210404_b81457e0,development
82,fatigued,fatigued_20260610_211036_a7b4ae44,heldout_test
83,fatigued,fatigued_20260610_211221_b1536831,development
84,fatigued,fatigued_20260610_211418_a682b716,development
85,fatigued,fatigued_20260610_211659_4f694336,heldout_test
86,fatigued,fatigued_20260610_212858_e9218809,development
87,fatigued,fatigued_20260610_213129_cb2ac39d,development
88,fatigued,fatigued_20260610_213512_b302cd95,development
89,fatigued,fatigued_20260610_213846_7a5dcadf,development
90,fatigued,fatigued_20260610_214117_b6ffeb80,development
91,fatigued,fatigued_20260610_214330_ac67c1d4,heldout_test
92,fatigued,fatigued_20260610_214647_61fd5204,development
93,fatigued,fatigued_20260610_214912_33ab7053,development
94,fatigued,fatigued_20260610_215136_5ac0bd42,heldout_test
95,fatigued,fatigued_20260610_215438_0c2f3683,development
96,fatigued,fatigued_20260610_215830_49f15c96,development
97,fatigued,fatigued_20260610_220102_bcc174bd,heldout_test
98,fatigued,fatigued_20260610_220440_eb4e6c5d,development
99,fatigued,fatigued_20260610_220925_cc9306ab,development
100,fatigued,fatigued_20260610_221259_9957b5af,development
101,fatigued,fatigued_20260610_221628_356c5fef,development
102,fatigued,fatigued_20260610_222158_2f6dd9ce,development
103,fatigued,fatigued_20260610_222542_3ec6fe44,heldout_test
104,fatigued,fatigued_20260610_223009_05e8da1a,heldout_test
105,fatigued,fatigued_20260610_223351_a755bb80,development
106,fatigued,fatigued_20260610_223602_e2ae6075,development
107,fatigued,fatigued_20260611_003231_6e49aa53,development
108,fatigued,fatigued_20260611_003625_2b1cf6cf,development
109,fatigued,fatigued_20260611_004029_53780631,development
110,fatigued,fatigued_20260611_031811_070ef684,development
111,fatigued,fatigued_20260611_045239_4918ec65,development
112,fatigued,fatigued_20260611_045749_9309f7c9,development
113,fatigued,fatigued_20260611_050059_5cfb9cd3,development
114,fatigued,fatigued_20260611_050356_c0eeb044,heldout_test
115,fatigued,fatigued_20260611_050639_39624c67,development
116,fatigued,fatigued_20260611_050916_adfc693f,development
117,fatigued,fatigued_20260611_082539_7de65c8a,heldout_test
118,fatigued,fatigued_20260611_083525_5d35bb3e,heldout_test
119,fatigued,fatigued_20260611_090051_99d4ad58,development
120,fatigued,fatigued_20260611_105125_0e23a390,development
121,fatigued,fatigued_20260611_111348_0ad4fbdb,development
122,fatigued,fatigued_20260611_112707_b1405604,development
123,fatigued,fatigued_20260611_113334_ffe3e369,heldout_test
124,fatigued,fatigued_20260611_114018_01ead5e3,development
125,fatigued,fatigued_20260611_114503_6ec80ba3,development
126,fatigued,fatigued_20260611_115017_99fe3a8b,development
127,fatigued,fatigued_20260611_115321_903b7e3c,development
128,fatigued,fatigued_20260611_120053_69d39be2,development
129,fatigued,fatigued_20260611_120723_2f0bf09d,development
130,fatigued,fatigued_20260611_122522_3fd04a41,heldout_test
131,fatigued,fatigued_20260611_122853_bf69ddbe,heldout_test
132,fatigued,fatigued_20260611_123424_2c9769b1,heldout_test
133,fatigued,fatigued_20260611_123710_859daddf,development
134,fatigued,fatigued_20260611_124351_ea0ba8ba,development
135,fatigued,fatigued_20260611_125531_5287a52b,development
136,fatigued,fatigued_20260611_130634_0f24356d,development
137,fatigued,fatigued_20260611_131003_5f55bd84,development
138,fatigued,fatigued_20260611_131449_78ba641b,development
139,fatigued,fatigued_20260611_131828_e141e167,development
140,fatigued,fatigued_20260611_132250_f85ab802,development
141,fatigued,fatigued_20260611_132638_0c661af3,development
142,fatigued,fatigued_20260611_132934_4ca85e85,development
143,fatigued,fatigued_20260611_133451_780efefc,development
144,fatigued,fatigued_20260611_134042_9e0e5e8c,development
145,fatigued,fatigued_20260611_134502_a8d12a49,development
146,fatigued,fatigued_20260611_134932_c53fc270,heldout_test
147,fatigued,fatigued_20260611_135354_0075982f,development
148,fatigued,fatigued_20260611_135832_083c81e9,development
149,fatigued,fatigued_20260611_140241_c660740d,development
150,fatigued,fatigued_20260611_140727_17d2f05b,development
151,fatigued,fatigued_20260611_141036_44b350b7,development
152,fatigued,fatigued_20260611_145104_6a787316,development
153,fatigued,fatigued_20260611_153016_6b03e9fa,development
154,focused,focused_20260611_203335_5f244a13,development
155,focused,focused_20260611_203933_8705813b,heldout_test
156,focused,focused_20260611_204136_cbee82eb,development
157,focused,focused_20260611_204247_e04a8459,development
158,focused,focused_20260611_204500_f993608f,development
159,focused,focused_20260611_204649_090e5a82,development
160,focused,focused_20260611_204839_69085f48,development
161,focused,focused_20260611_205221_e3df8a9c,development
162,focused,focused_20260611_205434_9f0b210d,development
163,focused,focused_20260611_205628_48550edf,development
164,focused,focused_20260611_205905_8787262f,development
165,focused,focused_20260611_210428_38c42fb0,development
166,focused,focused_20260611_210728_8bbad72c,heldout_test
167,focused,focused_20260611_210915_92eadc21,development
168,focused,focused_20260611_211040_7dce0c1c,development
169,focused,focused_20260611_211246_1ae4c833,development
170,focused,focused_20260611_211449_04a5a64a,development
171,focused,focused_20260611_211708_18e5a5e0,development
172,focused,focused_20260611_211925_2b05e621,development
173,focused,focused_20260611_212055_0efb6c1c,development
174,focused,focused_20260611_212329_23c05507,development
175,focused,focused_20260611_212552_f60b68e2,development
176,focused,focused_20260611_212818_9f0c0a0b,development
177,focused,focused_20260611_213145_a6d46fa9,development
178,focused,focused_20260611_213418_a9735159,heldout_test
179,focused,focused_20260611_213637_9df231aa,development
180,focused,focused_20260611_213914_456d6ac2,development
181,focused,focused_20260611_214146_fe23427c,development
182,focused,focused_20260611_214400_36faadf1,development
183,focused,focused_20260611_214601_143eb8bd,development
184,focused,focused_20260611_214809_42490a9b,development
185,focused,focused_20260611_215003_0cc37ee3,development
186,focused,focused_20260611_215157_a6f558a0,development
187,focused,focused_20260611_215505_901dcc5b,development
188,focused,focused_20260611_215818_bfcd2358,development
189,focused,focused_20260611_220056_fa2d702f,heldout_test
190,focused,focused_20260611_220303_63f67b33,development
191,focused,focused_20260611_220552_067a9b42,development
192,focused,focused_20260611_220947_f68aab4a,development
193,focused,focused_20260611_221312_f3529433,heldout_test
194,focused,focused_20260611_221559_e04494e2,development
195,focused,focused_20260611_221752_1ce7a6e6,development
196,focused,focused_20260611_222026_38512cb9,development
197,focused,focused_20260611_222352_60ef74fc,heldout_test
198,focused,focused_20260611_222556_cb70389a,development
199,focused,focused_20260611_222840_f6bebcf2,development
200,focused,focused_20260611_235854_79d13967,heldout_test
201,focused,focused_20260612_000238_8bbe2c19,development
202,focused,focused_20260612_001258_b1fa12ea,development
203,focused,focused_20260612_001919_2f54218d,development
204,focused,focused_20260612_003501_ccbc539d,heldout_test
205,focused,focused_20260612_003736_23860914,development
206,focused,focused_20260612_004851_781cd193,development
207,focused,focused_20260612_010116_02f8d25e,development
208,focused,focused_20260612_010425_9117b1d5,development
209,focused,focused_20260612_034628_551c12e3,heldout_test
210,focused,focused_20260612_034911_ce7b0635,development
211,focused,focused_20260612_035146_54429fad,development
212,focused,focused_20260612_035522_d8732fb0,heldout_test
213,focused,focused_20260612_035830_d51b317d,development
214,focused,focused_20260612_040535_24e12346,heldout_test
215,focused,focused_20260612_041735_5cb8f1cc,development
216,focused,focused_20260612_043212_1424eb87,development
217,focused,focused_20260612_043450_0c159217,development
218,focused,focused_20260612_043637_dcda5f60,development
219,focused,focused_20260612_044151_70613373,development
220,focused,focused_20260612_044736_88e3615b,development
221,focused,focused_20260612_044928_571c7940,heldout_test
222,focused,focused_20260612_045148_e1e3b813,heldout_test
223,focused,focused_20260612_045739_96b0d056,heldout_test
224,focused,focused_20260612_045940_672d4a81,heldout_test
225,focused,focused_20260612_050208_f7353bfd,development
226,focused,focused_20260612_050502_b6e21005,development
227,focused,focused_20260612_050623_09eee978,development
228,focused,focused_20260612_050824_6748e378,development
229,focused,focused_20260612_051038_705fb2e2,development
230,focused,focused_20260612_051547_64095261,heldout_test
231,overloaded,overloaded_20260612_223559_d6295534,heldout_test
232,overloaded,overloaded_20260613_033619_282ca705,development
233,overloaded,overloaded_20260613_034837_ef039e72,heldout_test
234,overloaded,overloaded_20260613_035141_5235db73,development
235,overloaded,overloaded_20260613_035456_84e4a548,development
236,overloaded,overloaded_20260613_040038_7fe4c83a,development
237,overloaded,overloaded_20260613_040513_f9b1ddc1,development
238,overloaded,overloaded_20260613_040811_3d70b54c,development
239,overloaded,overloaded_20260613_041110_baba9bad,development
240,overloaded,overloaded_20260613_041338_66a5dc16,development
241,overloaded,overloaded_20260613_041802_3681915d,heldout_test
242,overloaded,overloaded_20260613_042423_8e129c15,heldout_test
243,overloaded,overloaded_20260613_042742_152c69e5,development
244,overloaded,overloaded_20260613_043302_ebd8e815,development
245,overloaded,overloaded_20260613_044259_cb178401,development
246,overloaded,overloaded_20260613_044753_1d9b577c,heldout_test
247,overloaded,overloaded_20260613_045042_6be75c92,heldout_test
248,overloaded,overloaded_20260613_045651_e1cae297,development
249,overloaded,overloaded_20260613_045938_fc4e7e55,heldout_test
250,overloaded,overloaded_20260613_050215_6f703123,development
251,overloaded,overloaded_20260613_050513_31450b8f,development
252,overloaded,overloaded_20260613_051231_7b9db862,development
253,overloaded,overloaded_20260613_052502_40d0b86f,development
254,overloaded,overloaded_20260613_052707_a46c3ca6,development
255,overloaded,overloaded_20260613_052950_f2ce3c92,development
256,overloaded,overloaded_20260613_053155_1aed9953,development
257,overloaded,overloaded_20260613_053549_f9ea0fcf,development
258,overloaded,overloaded_20260613_053830_7038f77e,heldout_test
259,overloaded,overloaded_20260613_054324_df6a2599,development
260,overloaded,overloaded_20260613_054701_b6bbf097,development
261,overloaded,overloaded_20260613_055151_b5f72b7c,development
262,overloaded,overloaded_20260613_055425_7c2f2c27,development
263,overloaded,overloaded_20260613_055736_9ab8967f,development
264,overloaded,overloaded_20260613_060042_3f48ce47,development
265,overloaded,overloaded_20260613_060312_7ba4e03f,development
266,overloaded,overloaded_20260613_061449_888168da,development
267,overloaded,overloaded_20260613_061654_6446de64,development
268,overloaded,overloaded_20260613_062041_eebec9f0,heldout_test
269,overloaded,overloaded_20260613_062432_4e6e0206,development
270,overloaded,overloaded_20260613_062738_686542a0,development
271,overloaded,overloaded_20260613_063349_9813b02a,development
272,overloaded,overloaded_20260613_063656_6653339b,development
273,overloaded,overloaded_20260613_064206_39f279a8,development
274,overloaded,overloaded_20260613_065010_adad0da0,development
275,overloaded,overloaded_20260613_065501_90fb554c,development
276,overloaded,overloaded_20260613_070035_188967e9,heldout_test
277,overloaded,overloaded_20260613_070445_a662d2d0,heldout_test
278,overloaded,overloaded_20260613_071146_01b35fa2,heldout_test
279,overloaded,overloaded_20260613_072014_6355cf58,development
280,overloaded,overloaded_20260613_072526_416a4b92,development
281,overloaded,overloaded_20260613_073132_d35881e6,development
282,overloaded,overloaded_20260613_080157_cfcf1725,heldout_test
283,overloaded,overloaded_20260613_092601_4237b9a8,development
284,overloaded,overloaded_20260613_093151_1eaff04b,development
285,overloaded,overloaded_20260613_093815_8586c268,development
286,overloaded,overloaded_20260613_093935_fb301f61,development
287,overloaded,overloaded_20260613_095014_1b1f646e,development
288,overloaded,overloaded_20260613_100549_801828bd,heldout_test
289,overloaded,overloaded_20260613_102415_fdd04589,development
290,overloaded,overloaded_20260613_111110_3ccde82a,development
291,overloaded,overloaded_20260613_111803_514e9164,development
292,overloaded,overloaded_20260613_112248_c050a21e,development
293,overloaded,overloaded_20260613_112526_05676b23,development
294,overloaded,overloaded_20260613_113115_c784d3b8,development
295,overloaded,overloaded_20260613_113535_ea3ef0a1,development
296,overloaded,overloaded_20260613_114008_3573740f,development
297,overloaded,overloaded_20260613_114352_0e3fb164,development
298,overloaded,overloaded_20260613_115756_cff2d8ad,development
299,overloaded,overloaded_20260613_120230_8a32d8a9,development
300,overloaded,overloaded_20260613_120730_28f60f8e,heldout_test
301,overloaded,overloaded_20260613_121324_ec946a1d,development
302,overloaded,overloaded_20260613_121849_f20c4431,development
303,overloaded,overloaded_20260613_122230_d2fc4525,development
304,overloaded,overloaded_20260613_122747_f78506bb,development
305,overloaded,overloaded_20260613_123228_6c52992c,development
306,overloaded,overloaded_20260613_124159_3c2d7153,development
307,overloaded,overloaded_20260613_124514_7a1b50c8,development
308,overloaded,overloaded_20260613_124809_f62e6a5b,development
