timestamp,session_id,generation,text_length,keystroke_count,audio_source,audio_condition,audio_rms,audio_dbfs,visual_source_type,visual_source_name,raw_fusion_state,raw_fusion_confidence,raw_probabilities,final_state,final_confidence,temporal_probabilities,confidence_level,confidence_gap,temporal_samples,temporal_window,runtime_validation_pass,feature_dimension,used_modalities
2026-08-05T02:51:05.863339+00:00,system-complete-3b79a26b12c74658ab756d025c41300b,2,46,20,quiet.wav,near-silence,0.0,-95.0,image,frame.png,focused,0.8,"{""focused"": 0.8, ""distracted"": 0.1, ""fatigued"": 0.05, ""overloaded"": 0.05}",focused,0.8,"{""focused"": 0.8, ""distracted"": 0.1, ""fatigued"": 0.05, ""overloaded"": 0.05}",High,0.7000000000000001,1,5,True,1234,"{""keystroke"": true, ""text"": true, ""audio"": true, ""image"": true}"
2026-08-05T02:51:05.878445+00:00,system-complete-3b79a26b12c74658ab756d025c41300b,2,46,20,quiet.wav,near-silence,0.0,-95.0,image,frame.png,distracted,0.6,"{""focused"": 0.2, ""distracted"": 0.6, ""fatigued"": 0.1, ""overloaded"": 0.1}",focused,0.5,"{""focused"": 0.5, ""distracted"": 0.35, ""fatigued"": 0.07500000000000001, ""overloaded"": 0.07500000000000001}",Medium,0.15000000000000002,2,5,True,1234,"{""keystroke"": true, ""text"": true, ""audio"": true, ""image"": true}"
2026-08-20T16:09:36.767602+00:00,system-complete-3340fa957c394296a2b647971a7bacc3,2,46,20,quiet.wav,near-silence,0.0,-95.0,image,frame.png,focused,0.8,"{""focused"": 0.8, ""distracted"": 0.1, ""fatigued"": 0.05, ""overloaded"": 0.05}",focused,0.8,"{""focused"": 0.8, ""distracted"": 0.1, ""fatigued"": 0.05, ""overloaded"": 0.05}",High,0.7000000000000001,1,5,True,1234,"{""keystroke"": true, ""text"": true, ""audio"": true, ""image"": true}"
2026-08-20T16:09:36.782813+00:00,system-complete-3340fa957c394296a2b647971a7bacc3,2,46,20,quiet.wav,near-silence,0.0,-95.0,image,frame.png,distracted,0.6,"{""focused"": 0.2, ""distracted"": 0.6, ""fatigued"": 0.1, ""overloaded"": 0.1}",focused,0.5,"{""focused"": 0.5, ""distracted"": 0.35, ""fatigued"": 0.07500000000000001, ""overloaded"": 0.07500000000000001}",Medium,0.15000000000000002,2,5,True,1234,"{""keystroke"": true, ""text"": true, ""audio"": true, ""image"": true}"
2026-08-20T16:09:56.857757+00:00,system-complete-f22001b43ee645a8ba80987c1df21c26,2,46,20,quiet.wav,near-silence,0.0,-95.0,image,frame.png,focused,0.8,"{""focused"": 0.8, ""distracted"": 0.1, ""fatigued"": 0.05, ""overloaded"": 0.05}",focused,0.8,"{""focused"": 0.8, ""distracted"": 0.1, ""fatigued"": 0.05, ""overloaded"": 0.05}",High,0.7000000000000001,1,5,True,1234,"{""keystroke"": true, ""text"": true, ""audio"": true, ""image"": true}"
2026-08-20T16:09:56.864760+00:00,system-complete-f22001b43ee645a8ba80987c1df21c26,2,46,20,quiet.wav,near-silence,0.0,-95.0,image,frame.png,distracted,0.6,"{""focused"": 0.2, ""distracted"": 0.6, ""fatigued"": 0.1, ""overloaded"": 0.1}",focused,0.5,"{""focused"": 0.5, ""distracted"": 0.35, ""fatigued"": 0.07500000000000001, ""overloaded"": 0.07500000000000001}",Medium,0.15000000000000002,2,5,True,1234,"{""keystroke"": true, ""text"": true, ""audio"": true, ""image"": true}"
2026-08-20T16:10:12.781287+00:00,system-complete-ed2934eea4f94fb78ba1a5fd4f3503eb,2,46,20,quiet.wav,near-silence,0.0,-95.0,image,frame.png,focused,0.8,"{""focused"": 0.8, ""distracted"": 0.1, ""fatigued"": 0.05, ""overloaded"": 0.05}",focused,0.8,"{""focused"": 0.8, ""distracted"": 0.1, ""fatigued"": 0.05, ""overloaded"": 0.05}",High,0.7000000000000001,1,5,True,1234,"{""keystroke"": true, ""text"": true, ""audio"": true, ""image"": true}"
2026-08-20T16:10:12.806224+00:00,system-complete-ed2934eea4f94fb78ba1a5fd4f3503eb,2,46,20,quiet.wav,near-silence,0.0,-95.0,image,frame.png,distracted,0.6,"{""focused"": 0.2, ""distracted"": 0.6, ""fatigued"": 0.1, ""overloaded"": 0.1}",focused,0.5,"{""focused"": 0.5, ""distracted"": 0.35, ""fatigued"": 0.07500000000000001, ""overloaded"": 0.07500000000000001}",Medium,0.15000000000000002,2,5,True,1234,"{""keystroke"": true, ""text"": true, ""audio"": true, ""image"": true}"
2026-08-21T00:30:23.331157+00:00,dcb1128b-0ce5-42e7-b353-838aa6712249,2,43,43,microphone.wav,active-audio,0.025397492572665215,-31.904183160206486,webcam,Webcam,distracted,0.302,"{""focused"": 0.27, ""distracted"": 0.302, ""fatigued"": 0.258, ""overloaded"": 0.17}",distracted,0.302,"{""focused"": 0.27, ""distracted"": 0.302, ""fatigued"": 0.258, ""overloaded"": 0.17}",Low,0.03199999999999997,1,5,True,2373,"{""keystroke"": true, ""text"": true, ""audio"": true, ""image"": true, ""webcam_image_calibration"": true}"
2026-08-21T00:30:29.536645+00:00,dcb1128b-0ce5-42e7-b353-838aa6712249,2,43,43,microphone.wav,active-audio,0.025397492572665215,-31.904183160206486,webcam,Webcam,distracted,0.288,"{""focused"": 0.264, ""distracted"": 0.288, ""fatigued"": 0.268, ""overloaded"": 0.18}",distracted,0.295,"{""focused"": 0.267, ""distracted"": 0.295, ""fatigued"": 0.263, ""overloaded"": 0.175}",Low,0.02799999999999997,2,5,True,2373,"{""keystroke"": true, ""text"": true, ""audio"": true, ""image"": true, ""webcam_image_calibration"": true}"
2026-08-21T00:30:34.669107+00:00,dcb1128b-0ce5-42e7-b353-838aa6712249,2,43,43,microphone.wav,active-audio,0.025397492572665215,-31.904183160206486,webcam,Webcam,fatigued,0.286,"{""focused"": 0.268, ""distracted"": 0.28, ""fatigued"": 0.286, ""overloaded"": 0.166}",distracted,0.29,"{""focused"": 0.26733333333333337, ""distracted"": 0.29, ""fatigued"": 0.27066666666666667, ""overloaded"": 0.17200000000000001}",Low,0.019333333333333313,3,5,True,2373,"{""keystroke"": true, ""text"": true, ""audio"": true, ""image"": true, ""webcam_image_calibration"": true}"
2026-08-21T00:30:39.898149+00:00,dcb1128b-0ce5-42e7-b353-838aa6712249,2,43,43,microphone.wav,active-audio,0.025397492572665215,-31.904183160206486,webcam,Webcam,distracted,0.284,"{""focused"": 0.254, ""distracted"": 0.284, ""fatigued"": 0.266, ""overloaded"": 0.196}",distracted,0.2885,"{""focused"": 0.264, ""distracted"": 0.2885, ""fatigued"": 0.2695, ""overloaded"": 0.178}",Low,0.01899999999999996,4,5,True,2373,"{""keystroke"": true, ""text"": true, ""audio"": true, ""image"": true, ""webcam_image_calibration"": true}"
2026-08-21T00:30:44.336091+00:00,dcb1128b-0ce5-42e7-b353-838aa6712249,2,43,43,microphone.wav,active-audio,0.025397492572665215,-31.904183160206486,webcam,Webcam,distracted,0.286,"{""focused"": 0.268, ""distracted"": 0.286, ""fatigued"": 0.27, ""overloaded"": 0.176}",distracted,0.288,"{""focused"": 0.26480000000000004, ""distracted"": 0.288, ""fatigued"": 0.2696, ""overloaded"": 0.1776}",Low,0.018399999999999972,5,5,True,2373,"{""keystroke"": true, ""text"": true, ""audio"": true, ""image"": true, ""webcam_image_calibration"": true}"
2026-08-21T00:30:48.329358+00:00,dcb1128b-0ce5-42e7-b353-838aa6712249,2,43,43,microphone.wav,active-audio,0.025397492572665215,-31.904183160206486,webcam,Webcam,fatigued,0.278,"{""focused"": 0.262, ""distracted"": 0.274, ""fatigued"": 0.278, ""overloaded"": 0.186}",distracted,0.2824,"{""focused"": 0.2632, ""distracted"": 0.2824, ""fatigued"": 0.2736, ""overloaded"": 0.18080000000000002}",Low,0.008799999999999975,5,5,True,2373,"{""keystroke"": true, ""text"": true, ""audio"": true, ""image"": true, ""webcam_image_calibration"": true}"
2026-08-21T00:30:54.758960+00:00,dcb1128b-0ce5-42e7-b353-838aa6712249,2,43,43,microphone.wav,active-audio,0.025397492572665215,-31.904183160206486,webcam,Webcam,distracted,0.282,"{""focused"": 0.264, ""distracted"": 0.282, ""fatigued"": 0.272, ""overloaded"": 0.182}",distracted,0.2812,"{""focused"": 0.2632, ""distracted"": 0.2812, ""fatigued"": 0.27440000000000003, ""overloaded"": 0.1812}",Low,0.006799999999999973,5,5,True,2373,"{""keystroke"": true, ""text"": true, ""audio"": true, ""image"": true, ""webcam_image_calibration"": true}"
2026-08-21T00:30:59.185567+00:00,dcb1128b-0ce5-42e7-b353-838aa6712249,2,43,43,microphone.wav,active-audio,0.025397492572665215,-31.904183160206486,webcam,Webcam,distracted,0.29,"{""focused"": 0.266, ""distracted"": 0.29, ""fatigued"": 0.266, ""overloaded"": 0.178}",distracted,0.2832,"{""focused"": 0.26280000000000003, ""distracted"": 0.2832, ""fatigued"": 0.27040000000000003, ""overloaded"": 0.18359999999999999}",Low,0.012799999999999978,5,5,True,2373,"{""keystroke"": true, ""text"": true, ""audio"": true, ""image"": true, ""webcam_image_calibration"": true}"
2026-08-21T00:31:03.716544+00:00,dcb1128b-0ce5-42e7-b353-838aa6712249,2,43,43,microphone.wav,active-audio,0.025397492572665215,-31.904183160206486,webcam,Webcam,distracted,0.284,"{""focused"": 0.266, ""distracted"": 0.284, ""fatigued"": 0.272, ""overloaded"": 0.178}",distracted,0.2832,"{""focused"": 0.2652, ""distracted"": 0.2832, ""fatigued"": 0.2716, ""overloaded"": 0.18}",Low,0.0116,5,5,True,2373,"{""keystroke"": true, ""text"": true, ""audio"": true, ""image"": true, ""webcam_image_calibration"": true}"
2026-08-21T00:31:09.606736+00:00,dcb1128b-0ce5-42e7-b353-838aa6712249,2,43,43,microphone.wav,active-audio,0.025397492572665215,-31.904183160206486,webcam,Webcam,fatigued,0.284,"{""focused"": 0.276, ""distracted"": 0.272, ""fatigued"": 0.284, ""overloaded"": 0.168}",distracted,0.2804,"{""focused"": 0.26680000000000004, ""distracted"": 0.2804, ""fatigued"": 0.27440000000000003, ""overloaded"": 0.1784}",Low,0.00599999999999995,5,5,True,2373,"{""keystroke"": true, ""text"": true, ""audio"": true, ""image"": true, ""webcam_image_calibration"": true}"
2026-08-21T00:31:14.233974+00:00,dcb1128b-0ce5-42e7-b353-838aa6712249,2,43,43,microphone.wav,active-audio,0.025397492572665215,-31.904183160206486,webcam,Webcam,fatigued,0.276,"{""focused"": 0.268, ""distracted"": 0.268, ""fatigued"": 0.276, ""overloaded"": 0.188}",distracted,0.2792,"{""focused"": 0.268, ""distracted"": 0.2792, ""fatigued"": 0.274, ""overloaded"": 0.17880000000000001}",Low,0.005199999999999982,5,5,True,2373,"{""keystroke"": true, ""text"": true, ""audio"": true, ""image"": true, ""webcam_image_calibration"": true}"
2026-08-21T00:31:18.460934+00:00,dcb1128b-0ce5-42e7-b353-838aa6712249,2,43,43,microphone.wav,active-audio,0.025397492572665215,-31.904183160206486,webcam,Webcam,distracted,0.282,"{""focused"": 0.268, ""distracted"": 0.282, ""fatigued"": 0.276, ""overloaded"": 0.174}",distracted,0.2792,"{""focused"": 0.26880000000000004, ""distracted"": 0.2792, ""fatigued"": 0.27480000000000004, ""overloaded"": 0.1772}",Low,0.0043999999999999595,5,5,True,2373,"{""keystroke"": true, ""text"": true, ""audio"": true, ""image"": true, ""webcam_image_calibration"": true}"
2026-08-21T00:31:24.949329+00:00,dcb1128b-0ce5-42e7-b353-838aa6712249,2,43,43,microphone.wav,active-audio,0.025397492572665215,-31.904183160206486,webcam,Webcam,fatigued,0.3,"{""focused"": 0.262, ""distracted"": 0.246, ""fatigued"": 0.3, ""overloaded"": 0.192}",fatigued,0.28159999999999996,"{""focused"": 0.268, ""distracted"": 0.2704, ""fatigued"": 0.28159999999999996, ""overloaded"": 0.18}",Low,0.011199999999999988,5,5,True,2373,"{""keystroke"": true, ""text"": true, ""audio"": true, ""image"": true, ""webcam_image_calibration"": true}"
2026-08-21T00:31:30.586059+00:00,dcb1128b-0ce5-42e7-b353-838aa6712249,2,43,43,microphone.wav,active-audio,0.025397492572665215,-31.904183160206486,webcam,Webcam,distracted,0.282,"{""focused"": 0.28, ""distracted"": 0.282, ""fatigued"": 0.274, ""overloaded"": 0.164}",fatigued,0.28200000000000003,"{""focused"": 0.27080000000000004, ""distracted"": 0.27, ""fatigued"": 0.28200000000000003, ""overloaded"": 0.1772}",Low,0.011199999999999988,5,5,True,2373,"{""keystroke"": true, ""text"": true, ""audio"": true, ""image"": true, ""webcam_image_calibration"": true}"
2026-08-21T00:31:37.014068+00:00,dcb1128b-0ce5-42e7-b353-838aa6712249,2,43,43,microphone.wav,active-audio,0.025397492572665215,-31.904183160206486,webcam,Webcam,distracted,0.272,"{""focused"": 0.268, ""distracted"": 0.272, ""fatigued"": 0.268, ""overloaded"": 0.192}",fatigued,0.27880000000000005,"{""focused"": 0.2692, ""distracted"": 0.27, ""fatigued"": 0.27880000000000005, ""overloaded"": 0.182}",Low,0.00880000000000003,5,5,True,2373,"{""keystroke"": true, ""text"": true, ""audio"": true, ""image"": true, ""webcam_image_calibration"": true}"
2026-08-21T00:31:41.924301+00:00,dcb1128b-0ce5-42e7-b353-838aa6712249,2,43,43,microphone.wav,active-audio,0.025397492572665215,-31.904183160206486,webcam,Webcam,fatigued,0.274,"{""focused"": 0.264, ""distracted"": 0.272, ""fatigued"": 0.274, ""overloaded"": 0.19}",fatigued,0.27840000000000004,"{""focused"": 0.2684, ""distracted"": 0.27080000000000004, ""fatigued"": 0.27840000000000004, ""overloaded"": 0.1824}",Low,0.007599999999999996,5,5,True,2373,"{""keystroke"": true, ""text"": true, ""audio"": true, ""image"": true, ""webcam_image_calibration"": true}"
2026-08-21T00:31:46.742316+00:00,dcb1128b-0ce5-42e7-b353-838aa6712249,2,43,43,microphone.wav,active-audio,0.025397492572665215,-31.904183160206486,webcam,Webcam,focused,0.276,"{""focused"": 0.276, ""distracted"": 0.272, ""fatigued"": 0.27, ""overloaded"": 0.182}",fatigued,0.2772,"{""focused"": 0.27, ""distracted"": 0.26880000000000004, ""fatigued"": 0.2772, ""overloaded"": 0.184}",Low,0.007199999999999984,5,5,True,2373,"{""keystroke"": true, ""text"": true, ""audio"": true, ""image"": true, ""webcam_image_calibration"": true}"
2026-08-21T00:31:52.700636+00:00,dcb1128b-0ce5-42e7-b353-838aa6712249,2,43,43,microphone.wav,active-audio,0.025397492572665215,-31.904183160206486,webcam,Webcam,distracted,0.274,"{""focused"": 0.262, ""distracted"": 0.274, ""fatigued"": 0.27, ""overloaded"": 0.194}",distracted,0.27440000000000003,"{""focused"": 0.27, ""distracted"": 0.27440000000000003, ""fatigued"": 0.2712, ""overloaded"": 0.1844}",Low,0.003200000000000036,5,5,True,2373,"{""keystroke"": true, ""text"": true, ""audio"": true, ""image"": true, ""webcam_image_calibration"": true}"
2026-08-21T00:31:59.651206+00:00,dcb1128b-0ce5-42e7-b353-838aa6712249,2,43,43,microphone.wav,active-audio,0.025397492572665215,-31.904183160206486,webcam,Webcam,distracted,0.292,"{""focused"": 0.28, ""distracted"": 0.292, ""fatigued"": 0.274, ""overloaded"": 0.154}",distracted,0.27640000000000003,"{""focused"": 0.27, ""distracted"": 0.27640000000000003, ""fatigued"": 0.2712, ""overloaded"": 0.1824}",Low,0.005200000000000038,5,5,True,2373,"{""keystroke"": true, ""text"": true, ""audio"": true, ""image"": true, ""webcam_image_calibration"": true}"
2026-08-21T00:32:04.678544+00:00,dcb1128b-0ce5-42e7-b353-838aa6712249,2,43,43,microphone.wav,active-audio,0.025397492572665215,-31.904183160206486,webcam,Webcam,fatigued,0.316,"{""focused"": 0.246, ""distracted"": 0.23, ""fatigued"": 0.316, ""overloaded"": 0.208}",fatigued,0.28080000000000005,"{""focused"": 0.2656, ""distracted"": 0.268, ""fatigued"": 0.28080000000000005, ""overloaded"": 0.1856}",Low,0.012800000000000034,5,5,True,2373,"{""keystroke"": true, ""text"": true, ""audio"": true, ""image"": true, ""webcam_image_calibration"": true}"
2026-08-21T00:32:09.741853+00:00,dcb1128b-0ce5-42e7-b353-838aa6712249,2,43,43,microphone.wav,active-audio,0.025397492572665215,-31.904183160206486,webcam,Webcam,fatigued,0.29,"{""focused"": 0.266, ""distracted"": 0.264, ""fatigued"": 0.29, ""overloaded"": 0.18}",fatigued,0.284,"{""focused"": 0.266, ""distracted"": 0.2664, ""fatigued"": 0.284, ""overloaded"": 0.18359999999999999}",Low,0.01759999999999995,5,5,True,2373,"{""keystroke"": true, ""text"": true, ""audio"": true, ""image"": true, ""webcam_image_calibration"": true}"
2026-08-21T00:32:14.437749+00:00,dcb1128b-0ce5-42e7-b353-838aa6712249,2,43,43,microphone.wav,active-audio,0.025397492572665215,-31.904183160206486,webcam,Webcam,distracted,0.276,"{""focused"": 0.264, ""distracted"": 0.276, ""fatigued"": 0.274, ""overloaded"": 0.186}",fatigued,0.2848,"{""focused"": 0.2636, ""distracted"": 0.2672, ""fatigued"": 0.2848, ""overloaded"": 0.18439999999999998}",Low,0.017600000000000005,5,5,True,2373,"{""keystroke"": true, ""text"": true, ""audio"": true, ""image"": true, ""webcam_image_calibration"": true}"
2026-08-21T00:32:17.492014+00:00,dcb1128b-0ce5-42e7-b353-838aa6712249,2,43,43,microphone.wav,active-audio,0.025397492572665215,-31.904183160206486,webcam,Webcam,fatigued,0.28,"{""focused"": 0.264, ""distracted"": 0.278, ""fatigued"": 0.28, ""overloaded"": 0.178}",fatigued,0.28680000000000005,"{""focused"": 0.264, ""distracted"": 0.268, ""fatigued"": 0.28680000000000005, ""overloaded"": 0.18119999999999997}",Low,0.01880000000000004,5,5,True,2373,"{""keystroke"": true, ""text"": true, ""audio"": true, ""image"": true, ""webcam_image_calibration"": true}"
2026-08-21T00:32:22.286588+00:00,dcb1128b-0ce5-42e7-b353-838aa6712249,2,43,43,microphone.wav,active-audio,0.025397492572665215,-31.904183160206486,webcam,Webcam,distracted,0.282,"{""focused"": 0.272, ""distracted"": 0.282, ""fatigued"": 0.28, ""overloaded"": 0.166}",fatigued,0.288,"{""focused"": 0.2624, ""distracted"": 0.266, ""fatigued"": 0.288, ""overloaded"": 0.18359999999999999}",Low,0.021999999999999964,5,5,True,2373,"{""keystroke"": true, ""text"": true, ""audio"": true, ""image"": true, ""webcam_image_calibration"": true}"
2026-08-21T00:32:26.969369+00:00,dcb1128b-0ce5-42e7-b353-838aa6712249,2,43,43,microphone.wav,active-audio,0.025397492572665215,-31.904183160206486,webcam,Webcam,distracted,0.284,"{""focused"": 0.266, ""distracted"": 0.284, ""fatigued"": 0.274, ""overloaded"": 0.176}",fatigued,0.2796,"{""focused"": 0.2664, ""distracted"": 0.2768, ""fatigued"": 0.2796, ""overloaded"": 0.1772}",Low,0.0028000000000000247,5,5,True,2373,"{""keystroke"": true, ""text"": true, ""audio"": true, ""image"": true, ""webcam_image_calibration"": true}"
2026-08-21T00:32:32.057930+00:00,dcb1128b-0ce5-42e7-b353-838aa6712249,2,43,43,microphone.wav,active-audio,0.025397492572665215,-31.904183160206486,webcam,Webcam,distracted,0.28,"{""focused"": 0.27, ""distracted"": 0.28, ""fatigued"": 0.274, ""overloaded"": 0.176}",distracted,0.27999999999999997,"{""focused"": 0.2672, ""distracted"": 0.27999999999999997, ""fatigued"": 0.27640000000000003, ""overloaded"": 0.1764}",Low,0.0035999999999999366,5,5,True,2373,"{""keystroke"": true, ""text"": true, ""audio"": true, ""image"": true, ""webcam_image_calibration"": true}"
2026-08-21T00:39:55.020732+00:00,8cfeb94f-4a9b-4eb9-a087-5a6ac1456e76,3,49,49,15-seconds-of-silence.mp3,near-silence,1.730071016936563e-05,-95.23872138678078,video,asian-man-focused-on-laptop-work.mp4,focused,0.664,"{""focused"": 0.664, ""distracted"": 0.136, ""fatigued"": 0.104, ""overloaded"": 0.096}",focused,0.664,"{""focused"": 0.664, ""distracted"": 0.136, ""fatigued"": 0.104, ""overloaded"": 0.096}",High,0.528,1,5,True,2373,"{""keystroke"": true, ""text"": true, ""audio"": true, ""image"": true, ""webcam_image_calibration"": true}"
2026-08-21T00:40:03.601531+00:00,8cfeb94f-4a9b-4eb9-a087-5a6ac1456e76,3,49,49,15-seconds-of-silence.mp3,near-silence,1.730071016936563e-05,-95.23872138678078,video,asian-man-focused-on-laptop-work.mp4,focused,0.664,"{""focused"": 0.664, ""distracted"": 0.138, ""fatigued"": 0.108, ""overloaded"": 0.09}",focused,0.664,"{""focused"": 0.664, ""distracted"": 0.137, ""fatigued"": 0.106, ""overloaded"": 0.093}",High,0.527,2,5,True,2373,"{""keystroke"": true, ""text"": true, ""audio"": true, ""image"": true, ""webcam_image_calibration"": true}"
2026-08-21T00:40:10.347416+00:00,8cfeb94f-4a9b-4eb9-a087-5a6ac1456e76,3,49,49,15-seconds-of-silence.mp3,near-silence,1.730071016936563e-05,-95.23872138678078,video,asian-man-focused-on-laptop-work.mp4,focused,0.668,"{""focused"": 0.668, ""distracted"": 0.14, ""fatigued"": 0.106, ""overloaded"": 0.086}",focused,0.6653333333333333,"{""focused"": 0.6653333333333333, ""distracted"": 0.138, ""fatigued"": 0.106, ""overloaded"": 0.09066666666666667}",High,0.5273333333333333,3,5,True,2373,"{""keystroke"": true, ""text"": true, ""audio"": true, ""image"": true, ""webcam_image_calibration"": true}"
2026-08-21T00:40:19.016917+00:00,8cfeb94f-4a9b-4eb9-a087-5a6ac1456e76,3,49,49,15-seconds-of-silence.mp3,near-silence,1.730071016936563e-05,-95.23872138678078,video,asian-man-focused-on-laptop-work.mp4,focused,0.666,"{""focused"": 0.666, ""distracted"": 0.134, ""fatigued"": 0.104, ""overloaded"": 0.096}",focused,0.6655,"{""focused"": 0.6655, ""distracted"": 0.137, ""fatigued"": 0.1055, ""overloaded"": 0.092}",High,0.5285,4,5,True,2373,"{""keystroke"": true, ""text"": true, ""audio"": true, ""image"": true, ""webcam_image_calibration"": true}"
2026-08-21T00:40:23.724907+00:00,8cfeb94f-4a9b-4eb9-a087-5a6ac1456e76,3,49,49,15-seconds-of-silence.mp3,near-silence,1.730071016936563e-05,-95.23872138678078,video,asian-man-focused-on-laptop-work.mp4,focused,0.664,"{""focused"": 0.664, ""distracted"": 0.136, ""fatigued"": 0.104, ""overloaded"": 0.096}",focused,0.6652,"{""focused"": 0.6652, ""distracted"": 0.1368, ""fatigued"": 0.1052, ""overloaded"": 0.0928}",High,0.5284,5,5,True,2373,"{""keystroke"": true, ""text"": true, ""audio"": true, ""image"": true, ""webcam_image_calibration"": true}"
2026-08-21T00:40:30.211135+00:00,8cfeb94f-4a9b-4eb9-a087-5a6ac1456e76,3,49,49,15-seconds-of-silence.mp3,near-silence,1.730071016936563e-05,-95.23872138678078,video,asian-man-focused-on-laptop-work.mp4,focused,0.664,"{""focused"": 0.664, ""distracted"": 0.138, ""fatigued"": 0.108, ""overloaded"": 0.09}",focused,0.6652,"{""focused"": 0.6652, ""distracted"": 0.13720000000000002, ""fatigued"": 0.10600000000000001, ""overloaded"": 0.09159999999999999}",High,0.528,5,5,True,2373,"{""keystroke"": true, ""text"": true, ""audio"": true, ""image"": true, ""webcam_image_calibration"": true}"
2026-08-21T00:40:38.167006+00:00,8cfeb94f-4a9b-4eb9-a087-5a6ac1456e76,3,49,49,15-seconds-of-silence.mp3,near-silence,1.730071016936563e-05,-95.23872138678078,video,asian-man-focused-on-laptop-work.mp4,focused,0.664,"{""focused"": 0.664, ""distracted"": 0.14, ""fatigued"": 0.108, ""overloaded"": 0.088}",focused,0.6652,"{""focused"": 0.6652, ""distracted"": 0.1376, ""fatigued"": 0.10600000000000001, ""overloaded"": 0.09119999999999999}",High,0.5276000000000001,5,5,True,2373,"{""keystroke"": true, ""text"": true, ""audio"": true, ""image"": true, ""webcam_image_calibration"": true}"
2026-08-21T00:40:46.054605+00:00,8cfeb94f-4a9b-4eb9-a087-5a6ac1456e76,3,49,49,15-seconds-of-silence.mp3,near-silence,1.730071016936563e-05,-95.23872138678078,video,asian-man-focused-on-laptop-work.mp4,focused,0.666,"{""focused"": 0.666, ""distracted"": 0.134, ""fatigued"": 0.11, ""overloaded"": 0.09}",focused,0.6648000000000001,"{""focused"": 0.6648000000000001, ""distracted"": 0.13640000000000002, ""fatigued"": 0.1068, ""overloaded"": 0.092}",High,0.5284,5,5,True,2373,"{""keystroke"": true, ""text"": true, ""audio"": true, ""image"": true, ""webcam_image_calibration"": true}"
2026-08-21T00:40:53.181777+00:00,8cfeb94f-4a9b-4eb9-a087-5a6ac1456e76,3,49,49,15-seconds-of-silence.mp3,near-silence,1.730071016936563e-05,-95.23872138678078,video,asian-man-focused-on-laptop-work.mp4,focused,0.666,"{""focused"": 0.666, ""distracted"": 0.13, ""fatigued"": 0.106, ""overloaded"": 0.098}",focused,0.6648000000000001,"{""focused"": 0.6648000000000001, ""distracted"": 0.1356, ""fatigued"": 0.1072, ""overloaded"": 0.0924}",High,0.5292000000000001,5,5,True,2373,"{""keystroke"": true, ""text"": true, ""audio"": true, ""image"": true, ""webcam_image_calibration"": true}"
2026-08-21T00:40:59.133087+00:00,8cfeb94f-4a9b-4eb9-a087-5a6ac1456e76,3,49,49,15-seconds-of-silence.mp3,near-silence,1.730071016936563e-05,-95.23872138678078,video,asian-man-focused-on-laptop-work.mp4,focused,0.666,"{""focused"": 0.666, ""distracted"": 0.14, ""fatigued"": 0.106, ""overloaded"": 0.088}",focused,0.6652,"{""focused"": 0.6652, ""distracted"": 0.13640000000000002, ""fatigued"": 0.1076, ""overloaded"": 0.09079999999999999}",High,0.5287999999999999,5,5,True,2373,"{""keystroke"": true, ""text"": true, ""audio"": true, ""image"": true, ""webcam_image_calibration"": true}"
2026-08-21T00:41:08.043191+00:00,8cfeb94f-4a9b-4eb9-a087-5a6ac1456e76,3,49,49,15-seconds-of-silence.mp3,near-silence,1.730071016936563e-05,-95.23872138678078,video,asian-man-focused-on-laptop-work.mp4,focused,0.662,"{""focused"": 0.662, ""distracted"": 0.14, ""fatigued"": 0.11, ""overloaded"": 0.088}",focused,0.6648000000000001,"{""focused"": 0.6648000000000001, ""distracted"": 0.1368, ""fatigued"": 0.10800000000000001, ""overloaded"": 0.0904}",High,0.528,5,5,True,2373,"{""keystroke"": true, ""text"": true, ""audio"": true, ""image"": true, ""webcam_image_calibration"": true}"
2026-08-21T00:41:14.591233+00:00,8cfeb94f-4a9b-4eb9-a087-5a6ac1456e76,3,49,49,15-seconds-of-silence.mp3,near-silence,1.730071016936563e-05,-95.23872138678078,video,asian-man-focused-on-laptop-work.mp4,focused,0.662,"{""focused"": 0.662, ""distracted"": 0.144, ""fatigued"": 0.106, ""overloaded"": 0.088}",focused,0.6644,"{""focused"": 0.6644, ""distracted"": 0.1376, ""fatigued"": 0.1076, ""overloaded"": 0.0904}",High,0.5267999999999999,5,5,True,2373,"{""keystroke"": true, ""text"": true, ""audio"": true, ""image"": true, ""webcam_image_calibration"": true}"
2026-08-21T00:41:22.740119+00:00,8cfeb94f-4a9b-4eb9-a087-5a6ac1456e76,3,49,49,15-seconds-of-silence.mp3,near-silence,1.730071016936563e-05,-95.23872138678078,video,asian-man-focused-on-laptop-work.mp4,focused,0.664,"{""focused"": 0.664, ""distracted"": 0.132, ""fatigued"": 0.106, ""overloaded"": 0.098}",focused,0.664,"{""focused"": 0.664, ""distracted"": 0.13720000000000002, ""fatigued"": 0.1068, ""overloaded"": 0.092}",High,0.5268,5,5,True,2373,"{""keystroke"": true, ""text"": true, ""audio"": true, ""image"": true, ""webcam_image_calibration"": true}"
2026-08-21T00:41:31.475203+00:00,8cfeb94f-4a9b-4eb9-a087-5a6ac1456e76,3,49,49,15-seconds-of-silence.mp3,near-silence,1.730071016936563e-05,-95.23872138678078,video,asian-man-focused-on-laptop-work.mp4,focused,0.664,"{""focused"": 0.664, ""distracted"": 0.138, ""fatigued"": 0.104, ""overloaded"": 0.094}",focused,0.6636,"{""focused"": 0.6636, ""distracted"": 0.1388, ""fatigued"": 0.10640000000000001, ""overloaded"": 0.09119999999999999}",High,0.5247999999999999,5,5,True,2373,"{""keystroke"": true, ""text"": true, ""audio"": true, ""image"": true, ""webcam_image_calibration"": true}"
2026-08-21T00:41:37.908347+00:00,8cfeb94f-4a9b-4eb9-a087-5a6ac1456e76,3,49,49,15-seconds-of-silence.mp3,near-silence,1.730071016936563e-05,-95.23872138678078,video,asian-man-focused-on-laptop-work.mp4,focused,0.662,"{""focused"": 0.662, ""distracted"": 0.142, ""fatigued"": 0.106, ""overloaded"": 0.09}",focused,0.6628000000000001,"{""focused"": 0.6628000000000001, ""distracted"": 0.1392, ""fatigued"": 0.10640000000000001, ""overloaded"": 0.09159999999999999}",High,0.5236000000000001,5,5,True,2373,"{""keystroke"": true, ""text"": true, ""audio"": true, ""image"": true, ""webcam_image_calibration"": true}"
2026-08-21T00:41:46.202540+00:00,8cfeb94f-4a9b-4eb9-a087-5a6ac1456e76,3,49,49,15-seconds-of-silence.mp3,near-silence,1.730071016936563e-05,-95.23872138678078,video,asian-man-focused-on-laptop-work.mp4,focused,0.66,"{""focused"": 0.66, ""distracted"": 0.14, ""fatigued"": 0.11, ""overloaded"": 0.09}",focused,0.6624000000000001,"{""focused"": 0.6624000000000001, ""distracted"": 0.1392, ""fatigued"": 0.10640000000000001, ""overloaded"": 0.092}",High,0.5232000000000001,5,5,True,2373,"{""keystroke"": true, ""text"": true, ""audio"": true, ""image"": true, ""webcam_image_calibration"": true}"
2026-08-21T00:41:51.154420+00:00,8cfeb94f-4a9b-4eb9-a087-5a6ac1456e76,3,49,49,15-seconds-of-silence.mp3,near-silence,1.730071016936563e-05,-95.23872138678078,video,asian-man-focused-on-laptop-work.mp4,focused,0.66,"{""focused"": 0.66, ""distracted"": 0.14, ""fatigued"": 0.108, ""overloaded"": 0.092}",focused,0.662,"{""focused"": 0.662, ""distracted"": 0.13840000000000002, ""fatigued"": 0.1068, ""overloaded"": 0.0928}",High,0.5236000000000001,5,5,True,2373,"{""keystroke"": true, ""text"": true, ""audio"": true, ""image"": true, ""webcam_image_calibration"": true}"
2026-08-21T00:41:57.287199+00:00,8cfeb94f-4a9b-4eb9-a087-5a6ac1456e76,3,49,49,15-seconds-of-silence.mp3,near-silence,1.730071016936563e-05,-95.23872138678078,video,asian-man-focused-on-laptop-work.mp4,focused,0.664,"{""focused"": 0.664, ""distracted"": 0.138, ""fatigued"": 0.104, ""overloaded"": 0.094}",focused,0.662,"{""focused"": 0.662, ""distracted"": 0.1396, ""fatigued"": 0.10640000000000001, ""overloaded"": 0.092}",High,0.5224,5,5,True,2373,"{""keystroke"": true, ""text"": true, ""audio"": true, ""image"": true, ""webcam_image_calibration"": true}"
2026-08-21T00:42:04.642504+00:00,8cfeb94f-4a9b-4eb9-a087-5a6ac1456e76,3,49,49,15-seconds-of-silence.mp3,near-silence,1.730071016936563e-05,-95.23872138678078,video,asian-man-focused-on-laptop-work.mp4,focused,0.662,"{""focused"": 0.662, ""distracted"": 0.142, ""fatigued"": 0.106, ""overloaded"": 0.09}",focused,0.6616000000000001,"{""focused"": 0.6616000000000001, ""distracted"": 0.1404, ""fatigued"": 0.1068, ""overloaded"": 0.09119999999999999}",High,0.5212000000000001,5,5,True,2373,"{""keystroke"": true, ""text"": true, ""audio"": true, ""image"": true, ""webcam_image_calibration"": true}"
2026-08-21T00:42:10.851672+00:00,8cfeb94f-4a9b-4eb9-a087-5a6ac1456e76,3,49,49,15-seconds-of-silence.mp3,near-silence,1.730071016936563e-05,-95.23872138678078,video,asian-man-focused-on-laptop-work.mp4,focused,0.662,"{""focused"": 0.662, ""distracted"": 0.136, ""fatigued"": 0.112, ""overloaded"": 0.09}",focused,0.6616000000000001,"{""focused"": 0.6616000000000001, ""distracted"": 0.13920000000000002, ""fatigued"": 0.10800000000000001, ""overloaded"": 0.09119999999999999}",High,0.5224000000000001,5,5,True,2373,"{""keystroke"": true, ""text"": true, ""audio"": true, ""image"": true, ""webcam_image_calibration"": true}"
2026-08-21T00:42:16.435258+00:00,8cfeb94f-4a9b-4eb9-a087-5a6ac1456e76,3,49,49,15-seconds-of-silence.mp3,near-silence,1.730071016936563e-05,-95.23872138678078,video,asian-man-focused-on-laptop-work.mp4,focused,0.666,"{""focused"": 0.666, ""distracted"": 0.136, ""fatigued"": 0.11, ""overloaded"": 0.088}",focused,0.6628000000000001,"{""focused"": 0.6628000000000001, ""distracted"": 0.13840000000000002, ""fatigued"": 0.10800000000000001, ""overloaded"": 0.09079999999999999}",High,0.5244,5,5,True,2373,"{""keystroke"": true, ""text"": true, ""audio"": true, ""image"": true, ""webcam_image_calibration"": true}"
2026-08-21T00:42:23.136568+00:00,8cfeb94f-4a9b-4eb9-a087-5a6ac1456e76,3,49,49,15-seconds-of-silence.mp3,near-silence,1.730071016936563e-05,-95.23872138678078,video,asian-man-focused-on-laptop-work.mp4,focused,0.664,"{""focused"": 0.664, ""distracted"": 0.142, ""fatigued"": 0.11, ""overloaded"": 0.084}",focused,0.6636,"{""focused"": 0.6636, ""distracted"": 0.13879999999999998, ""fatigued"": 0.10840000000000001, ""overloaded"": 0.0892}",High,0.5247999999999999,5,5,True,2373,"{""keystroke"": true, ""text"": true, ""audio"": true, ""image"": true, ""webcam_image_calibration"": true}"
2026-08-21T00:42:32.511073+00:00,8cfeb94f-4a9b-4eb9-a087-5a6ac1456e76,3,49,49,15-seconds-of-silence.mp3,near-silence,1.730071016936563e-05,-95.23872138678078,video,asian-man-focused-on-laptop-work.mp4,focused,0.66,"{""focused"": 0.66, ""distracted"": 0.138, ""fatigued"": 0.114, ""overloaded"": 0.088}",focused,0.6628000000000001,"{""focused"": 0.6628000000000001, ""distracted"": 0.13879999999999998, ""fatigued"": 0.11040000000000001, ""overloaded"": 0.088}",High,0.524,5,5,True,2373,"{""keystroke"": true, ""text"": true, ""audio"": true, ""image"": true, ""webcam_image_calibration"": true}"
2026-08-21T00:42:42.048727+00:00,8cfeb94f-4a9b-4eb9-a087-5a6ac1456e76,3,49,49,15-seconds-of-silence.mp3,near-silence,1.730071016936563e-05,-95.23872138678078,video,asian-man-focused-on-laptop-work.mp4,focused,0.66,"{""focused"": 0.66, ""distracted"": 0.14, ""fatigued"": 0.112, ""overloaded"": 0.088}",focused,0.6624,"{""focused"": 0.6624, ""distracted"": 0.1384, ""fatigued"": 0.11159999999999998, ""overloaded"": 0.08759999999999998}",High,0.524,5,5,True,2373,"{""keystroke"": true, ""text"": true, ""audio"": true, ""image"": true, ""webcam_image_calibration"": true}"
2026-08-21T00:42:48.515379+00:00,8cfeb94f-4a9b-4eb9-a087-5a6ac1456e76,3,49,49,15-seconds-of-silence.mp3,near-silence,1.730071016936563e-05,-95.23872138678078,video,asian-man-focused-on-laptop-work.mp4,focused,0.658,"{""focused"": 0.658, ""distracted"": 0.144, ""fatigued"": 0.11, ""overloaded"": 0.088}",focused,0.6616000000000001,"{""focused"": 0.6616000000000001, ""distracted"": 0.13999999999999999, ""fatigued"": 0.11120000000000001, ""overloaded"": 0.0872}",High,0.5216000000000001,5,5,True,2373,"{""keystroke"": true, ""text"": true, ""audio"": true, ""image"": true, ""webcam_image_calibration"": true}"
2026-08-21T00:42:55.205388+00:00,8cfeb94f-4a9b-4eb9-a087-5a6ac1456e76,3,49,49,15-seconds-of-silence.mp3,near-silence,1.730071016936563e-05,-95.23872138678078,video,asian-man-focused-on-laptop-work.mp4,focused,0.664,"{""focused"": 0.664, ""distracted"": 0.14, ""fatigued"": 0.108, ""overloaded"": 0.088}",focused,0.6612,"{""focused"": 0.6612, ""distracted"": 0.14079999999999998, ""fatigued"": 0.11080000000000001, ""overloaded"": 0.0872}",High,0.5204,5,5,True,2373,"{""keystroke"": true, ""text"": true, ""audio"": true, ""image"": true, ""webcam_image_calibration"": true}"
2026-08-21T00:43:02.689408+00:00,8cfeb94f-4a9b-4eb9-a087-5a6ac1456e76,3,49,49,15-seconds-of-silence.mp3,near-silence,1.730071016936563e-05,-95.23872138678078,video,asian-man-focused-on-laptop-work.mp4,focused,0.658,"{""focused"": 0.658, ""distracted"": 0.138, ""fatigued"": 0.108, ""overloaded"": 0.096}",focused,0.66,"{""focused"": 0.66, ""distracted"": 0.14, ""fatigued"": 0.11040000000000001, ""overloaded"": 0.08959999999999999}",High,0.52,5,5,True,2373,"{""keystroke"": true, ""text"": true, ""audio"": true, ""image"": true, ""webcam_image_calibration"": true}"
2026-08-21T00:43:09.201484+00:00,8cfeb94f-4a9b-4eb9-a087-5a6ac1456e76,3,49,49,15-seconds-of-silence.mp3,near-silence,1.730071016936563e-05,-95.23872138678078,video,asian-man-focused-on-laptop-work.mp4,focused,0.666,"{""focused"": 0.666, ""distracted"": 0.136, ""fatigued"": 0.106, ""overloaded"": 0.092}",focused,0.6612,"{""focused"": 0.6612, ""distracted"": 0.1396, ""fatigued"": 0.10880000000000001, ""overloaded"": 0.0904}",High,0.5216000000000001,5,5,True,2373,"{""keystroke"": true, ""text"": true, ""audio"": true, ""image"": true, ""webcam_image_calibration"": true}"
2026-08-21T00:43:18.413958+00:00,8cfeb94f-4a9b-4eb9-a087-5a6ac1456e76,3,49,49,15-seconds-of-silence.mp3,near-silence,1.730071016936563e-05,-95.23872138678078,video,asian-man-focused-on-laptop-work.mp4,focused,0.656,"{""focused"": 0.656, ""distracted"": 0.142, ""fatigued"": 0.108, ""overloaded"": 0.094}",focused,0.6604,"{""focused"": 0.6604, ""distracted"": 0.13999999999999999, ""fatigued"": 0.10800000000000001, ""overloaded"": 0.09159999999999999}",High,0.5204,5,5,True,2373,"{""keystroke"": true, ""text"": true, ""audio"": true, ""image"": true, ""webcam_image_calibration"": true}"
2026-08-21T00:43:26.249551+00:00,8cfeb94f-4a9b-4eb9-a087-5a6ac1456e76,3,49,49,15-seconds-of-silence.mp3,near-silence,1.730071016936563e-05,-95.23872138678078,video,asian-man-focused-on-laptop-work.mp4,focused,0.664,"{""focused"": 0.664, ""distracted"": 0.136, ""fatigued"": 0.112, ""overloaded"": 0.088}",focused,0.6616000000000001,"{""focused"": 0.6616000000000001, ""distracted"": 0.13840000000000002, ""fatigued"": 0.10840000000000001, ""overloaded"": 0.09159999999999999}",High,0.5232000000000001,5,5,True,2373,"{""keystroke"": true, ""text"": true, ""audio"": true, ""image"": true, ""webcam_image_calibration"": true}"
2026-08-21T00:47:41.634085+00:00,8d7efc7b-1609-42ea-850e-5411cdf14a8e,2,32,59,microphone.wav,quiet,0.01123492419719696,-38.98859706899163,webcam,Webcam,focused,0.32,"{""focused"": 0.32, ""distracted"": 0.23, ""fatigued"": 0.214, ""overloaded"": 0.236}",focused,0.32,"{""focused"": 0.32, ""distracted"": 0.23, ""fatigued"": 0.214, ""overloaded"": 0.236}",Low,0.08400000000000002,1,5,True,2373,"{""keystroke"": true, ""text"": true, ""audio"": true, ""image"": true, ""webcam_image_calibration"": true}"
2026-08-21T00:47:47.554424+00:00,8d7efc7b-1609-42ea-850e-5411cdf14a8e,2,63,89,microphone.wav,quiet,0.01123492419719696,-38.98859706899163,webcam,Webcam,focused,0.378,"{""focused"": 0.378, ""distracted"": 0.204, ""fatigued"": 0.2, ""overloaded"": 0.218}",focused,0.349,"{""focused"": 0.349, ""distracted"": 0.217, ""fatigued"": 0.20700000000000002, ""overloaded"": 0.22699999999999998}",Low,0.122,2,5,True,2373,"{""keystroke"": true, ""text"": true, ""audio"": true, ""image"": true, ""webcam_image_calibration"": true}"
2026-08-21T00:47:52.779808+00:00,8d7efc7b-1609-42ea-850e-5411cdf14a8e,2,63,89,microphone.wav,quiet,0.01123492419719696,-38.98859706899163,webcam,Webcam,focused,0.364,"{""focused"": 0.364, ""distracted"": 0.192, ""fatigued"": 0.212, ""overloaded"": 0.232}",focused,0.35400000000000004,"{""focused"": 0.35400000000000004, ""distracted"": 0.20866666666666667, ""fatigued"": 0.20866666666666667, ""overloaded"": 0.22866666666666666}",Low,0.12533333333333338,3,5,True,2373,"{""keystroke"": true, ""text"": true, ""audio"": true, ""image"": true, ""webcam_image_calibration"": true}"
2026-08-21T00:47:57.742097+00:00,8d7efc7b-1609-42ea-850e-5411cdf14a8e,2,63,89,microphone.wav,quiet,0.01123492419719696,-38.98859706899163,webcam,Webcam,focused,0.376,"{""focused"": 0.376, ""distracted"": 0.196, ""fatigued"": 0.202, ""overloaded"": 0.226}",focused,0.3595,"{""focused"": 0.3595, ""distracted"": 0.20550000000000002, ""fatigued"": 0.20700000000000002, ""overloaded"": 0.228}",Low,0.13149999999999998,4,5,True,2373,"{""keystroke"": true, ""text"": true, ""audio"": true, ""image"": true, ""webcam_image_calibration"": true}"
2026-08-21T00:48:02.793789+00:00,8d7efc7b-1609-42ea-850e-5411cdf14a8e,2,63,89,microphone.wav,quiet,0.01123492419719696,-38.98859706899163,webcam,Webcam,focused,0.392,"{""focused"": 0.392, ""distracted"": 0.202, ""fatigued"": 0.194, ""overloaded"": 0.212}",focused,0.366,"{""focused"": 0.366, ""distracted"": 0.2048, ""fatigued"": 0.2044, ""overloaded"": 0.22480000000000003}",Low,0.14119999999999996,5,5,True,2373,"{""keystroke"": true, ""text"": true, ""audio"": true, ""image"": true, ""webcam_image_calibration"": true}"
2026-08-21T00:48:07.766145+00:00,8d7efc7b-1609-42ea-850e-5411cdf14a8e,2,63,89,microphone.wav,quiet,0.01123492419719696,-38.98859706899163,webcam,Webcam,focused,0.378,"{""focused"": 0.378, ""distracted"": 0.196, ""fatigued"": 0.202, ""overloaded"": 0.224}",focused,0.3776,"{""focused"": 0.3776, ""distracted"": 0.198, ""fatigued"": 0.202, ""overloaded"": 0.22240000000000001}",Medium,0.15519999999999998,5,5,True,2373,"{""keystroke"": true, ""text"": true, ""audio"": true, ""image"": true, ""webcam_image_calibration"": true}"
2026-08-21T00:48:12.628330+00:00,8d7efc7b-1609-42ea-850e-5411cdf14a8e,2,63,89,microphone.wav,quiet,0.01123492419719696,-38.98859706899163,webcam,Webcam,focused,0.378,"{""focused"": 0.378, ""distracted"": 0.186, ""fatigued"": 0.212, ""overloaded"": 0.224}",focused,0.3776,"{""focused"": 0.3776, ""distracted"": 0.1944, ""fatigued"": 0.2044, ""overloaded"": 0.22360000000000002}",Medium,0.15399999999999997,5,5,True,2373,"{""keystroke"": true, ""text"": true, ""audio"": true, ""image"": true, ""webcam_image_calibration"": true}"
2026-08-21T00:48:15.638449+00:00,8d7efc7b-1609-42ea-850e-5411cdf14a8e,2,63,89,microphone.wav,quiet,0.01123492419719696,-38.98859706899163,webcam,Webcam,focused,0.382,"{""focused"": 0.382, ""distracted"": 0.208, ""fatigued"": 0.2, ""overloaded"": 0.21}",focused,0.38120000000000004,"{""focused"": 0.38120000000000004, ""distracted"": 0.1976, ""fatigued"": 0.202, ""overloaded"": 0.2192}",Medium,0.16200000000000003,5,5,True,2373,"{""keystroke"": true, ""text"": true, ""audio"": true, ""image"": true, ""webcam_image_calibration"": true}"
2026-08-21T00:48:22.516616+00:00,8d7efc7b-1609-42ea-850e-5411cdf14a8e,2,63,89,microphone.wav,quiet,0.01123492419719696,-38.98859706899163,webcam,Webcam,focused,0.374,"{""focused"": 0.374, ""distracted"": 0.204, ""fatigued"": 0.202, ""overloaded"": 0.22}",focused,0.38079999999999997,"{""focused"": 0.38079999999999997, ""distracted"": 0.1992, ""fatigued"": 0.202, ""overloaded"": 0.21800000000000003}",Medium,0.16279999999999994,5,5,True,2373,"{""keystroke"": true, ""text"": true, ""audio"": true, ""image"": true, ""webcam_image_calibration"": true}"
2026-08-21T00:48:27.293593+00:00,8d7efc7b-1609-42ea-850e-5411cdf14a8e,2,63,89,microphone.wav,quiet,0.01123492419719696,-38.98859706899163,webcam,Webcam,focused,0.388,"{""focused"": 0.388, ""distracted"": 0.202, ""fatigued"": 0.198, ""overloaded"": 0.212}",focused,0.38,"{""focused"": 0.38, ""distracted"": 0.1992, ""fatigued"": 0.2028, ""overloaded"": 0.21800000000000003}",Medium,0.16199999999999998,5,5,True,2373,"{""keystroke"": true, ""text"": true, ""audio"": true, ""image"": true, ""webcam_image_calibration"": true}"
2026-08-21T00:48:32.851956+00:00,8d7efc7b-1609-42ea-850e-5411cdf14a8e,2,63,89,microphone.wav,quiet,0.01123492419719696,-38.98859706899163,webcam,Webcam,focused,0.382,"{""focused"": 0.382, ""distracted"": 0.188, ""fatigued"": 0.202, ""overloaded"": 0.228}",focused,0.38079999999999997,"{""focused"": 0.38079999999999997, ""distracted"": 0.1976, ""fatigued"": 0.2028, ""overloaded"": 0.21880000000000002}",Medium,0.16199999999999995,5,5,True,2373,"{""keystroke"": true, ""text"": true, ""audio"": true, ""image"": true, ""webcam_image_calibration"": true}"
2026-08-21T00:48:37.360706+00:00,8d7efc7b-1609-42ea-850e-5411cdf14a8e,2,63,89,microphone.wav,quiet,0.01123492419719696,-38.98859706899163,webcam,Webcam,focused,0.376,"{""focused"": 0.376, ""distracted"": 0.192, ""fatigued"": 0.208, ""overloaded"": 0.224}",focused,0.3804,"{""focused"": 0.3804, ""distracted"": 0.1988, ""fatigued"": 0.202, ""overloaded"": 0.21880000000000002}",Medium,0.1616,5,5,True,2373,"{""keystroke"": true, ""text"": true, ""audio"": true, ""image"": true, ""webcam_image_calibration"": true}"
2026-08-21T00:48:40.236406+00:00,8d7efc7b-1609-42ea-850e-5411cdf14a8e,2,63,89,microphone.wav,quiet,0.01123492419719696,-38.98859706899163,webcam,Webcam,focused,0.376,"{""focused"": 0.376, ""distracted"": 0.204, ""fatigued"": 0.204, ""overloaded"": 0.216}",focused,0.3792,"{""focused"": 0.3792, ""distracted"": 0.198, ""fatigued"": 0.2028, ""overloaded"": 0.22000000000000003}",Medium,0.15919999999999995,5,5,True,2373,"{""keystroke"": true, ""text"": true, ""audio"": true, ""image"": true, ""webcam_image_calibration"": true}"
2026-08-21T00:48:44.271256+00:00,8d7efc7b-1609-42ea-850e-5411cdf14a8e,2,63,89,microphone.wav,quiet,0.01123492419719696,-38.98859706899163,webcam,Webcam,focused,0.38,"{""focused"": 0.38, ""distracted"": 0.202, ""fatigued"": 0.202, ""overloaded"": 0.216}",focused,0.3804,"{""focused"": 0.3804, ""distracted"": 0.1976, ""fatigued"": 0.2028, ""overloaded"": 0.2192}",Medium,0.1612,5,5,True,2373,"{""keystroke"": true, ""text"": true, ""audio"": true, ""image"": true, ""webcam_image_calibration"": true}"
2026-08-21T00:48:49.322749+00:00,8d7efc7b-1609-42ea-850e-5411cdf14a8e,2,63,89,microphone.wav,quiet,0.01123492419719696,-38.98859706899163,webcam,Webcam,focused,0.372,"{""focused"": 0.372, ""distracted"": 0.196, ""fatigued"": 0.208, ""overloaded"": 0.224}",focused,0.37720000000000004,"{""focused"": 0.37720000000000004, ""distracted"": 0.1964, ""fatigued"": 0.2048, ""overloaded"": 0.22160000000000002}",Medium,0.15560000000000002,5,5,True,2373,"{""keystroke"": true, ""text"": true, ""audio"": true, ""image"": true, ""webcam_image_calibration"": true}"
2026-08-21T00:48:54.953781+00:00,8d7efc7b-1609-42ea-850e-5411cdf14a8e,2,63,89,microphone.wav,quiet,0.01123492419719696,-38.98859706899163,webcam,Webcam,focused,0.356,"{""focused"": 0.356, ""distracted"": 0.206, ""fatigued"": 0.21, ""overloaded"": 0.228}",focused,0.372,"{""focused"": 0.372, ""distracted"": 0.2, ""fatigued"": 0.2064, ""overloaded"": 0.22160000000000002}",Medium,0.15039999999999998,5,5,True,2373,"{""keystroke"": true, ""text"": true, ""audio"": true, ""image"": true, ""webcam_image_calibration"": true}"
2026-08-21T00:49:00.196697+00:00,8d7efc7b-1609-42ea-850e-5411cdf14a8e,2,63,89,microphone.wav,quiet,0.01123492419719696,-38.98859706899163,webcam,Webcam,focused,0.362,"{""focused"": 0.362, ""distracted"": 0.202, ""fatigued"": 0.2, ""overloaded"": 0.236}",focused,0.36920000000000003,"{""focused"": 0.36920000000000003, ""distracted"": 0.202, ""fatigued"": 0.2048, ""overloaded"": 0.22400000000000003}",Low,0.1452,5,5,True,2373,"{""keystroke"": true, ""text"": true, ""audio"": true, ""image"": true, ""webcam_image_calibration"": true}"
2026-08-21T00:49:05.217495+00:00,8d7efc7b-1609-42ea-850e-5411cdf14a8e,2,63,89,microphone.wav,quiet,0.01123492419719696,-38.98859706899163,webcam,Webcam,focused,0.364,"{""focused"": 0.364, ""distracted"": 0.196, ""fatigued"": 0.208, ""overloaded"": 0.232}",focused,0.3668,"{""focused"": 0.3668, ""distracted"": 0.2004, ""fatigued"": 0.2056, ""overloaded"": 0.2272}",Low,0.1396,5,5,True,2373,"{""keystroke"": true, ""text"": true, ""audio"": true, ""image"": true, ""webcam_image_calibration"": true}"
2026-08-21T00:49:10.663079+00:00,8d7efc7b-1609-42ea-850e-5411cdf14a8e,2,63,89,microphone.wav,quiet,0.01123492419719696,-38.98859706899163,webcam,Webcam,focused,0.362,"{""focused"": 0.362, ""distracted"": 0.196, ""fatigued"": 0.208, ""overloaded"": 0.234}",focused,0.36319999999999997,"{""focused"": 0.36319999999999997, ""distracted"": 0.1992, ""fatigued"": 0.2068, ""overloaded"": 0.23079999999999998}",Low,0.1324,5,5,True,2373,"{""keystroke"": true, ""text"": true, ""audio"": true, ""image"": true, ""webcam_image_calibration"": true}"
2026-08-21T00:49:17.838335+00:00,8d7efc7b-1609-42ea-850e-5411cdf14a8e,2,63,89,microphone.wav,quiet,0.01123492419719696,-38.98859706899163,webcam,Webcam,focused,0.36,"{""focused"": 0.36, ""distracted"": 0.21, ""fatigued"": 0.204, ""overloaded"": 0.226}",focused,0.36079999999999995,"{""focused"": 0.36079999999999995, ""distracted"": 0.202, ""fatigued"": 0.20600000000000002, ""overloaded"": 0.23120000000000002}",Low,0.12959999999999994,5,5,True,2373,"{""keystroke"": true, ""text"": true, ""audio"": true, ""image"": true, ""webcam_image_calibration"": true}"
2026-08-21T00:49:21.259733+00:00,8d7efc7b-1609-42ea-850e-5411cdf14a8e,2,63,89,microphone.wav,quiet,0.01123492419719696,-38.98859706899163,webcam,Webcam,focused,0.36,"{""focused"": 0.36, ""distracted"": 0.194, ""fatigued"": 0.208, ""overloaded"": 0.238}",focused,0.3616,"{""focused"": 0.3616, ""distracted"": 0.1996, ""fatigued"": 0.2056, ""overloaded"": 0.2332}",Low,0.1284,5,5,True,2373,"{""keystroke"": true, ""text"": true, ""audio"": true, ""image"": true, ""webcam_image_calibration"": true}"
2026-08-21T00:49:25.959129+00:00,8d7efc7b-1609-42ea-850e-5411cdf14a8e,2,63,89,microphone.wav,quiet,0.01123492419719696,-38.98859706899163,webcam,Webcam,focused,0.378,"{""focused"": 0.378, ""distracted"": 0.204, ""fatigued"": 0.196, ""overloaded"": 0.222}",focused,0.36479999999999996,"{""focused"": 0.36479999999999996, ""distracted"": 0.2, ""fatigued"": 0.2048, ""overloaded"": 0.23040000000000002}",Low,0.13439999999999994,5,5,True,2373,"{""keystroke"": true, ""text"": true, ""audio"": true, ""image"": true, ""webcam_image_calibration"": true}"
2026-08-21T00:49:31.667213+00:00,8d7efc7b-1609-42ea-850e-5411cdf14a8e,2,63,89,microphone.wav,quiet,0.01123492419719696,-38.98859706899163,webcam,Webcam,focused,0.37,"{""focused"": 0.37, ""distracted"": 0.202, ""fatigued"": 0.202, ""overloaded"": 0.226}",focused,0.366,"{""focused"": 0.366, ""distracted"": 0.2012, ""fatigued"": 0.2036, ""overloaded"": 0.2292}",Low,0.1368,5,5,True,2373,"{""keystroke"": true, ""text"": true, ""audio"": true, ""image"": true, ""webcam_image_calibration"": true}"
2026-08-21T00:49:37.604593+00:00,8d7efc7b-1609-42ea-850e-5411cdf14a8e,2,63,89,microphone.wav,quiet,0.01123492419719696,-38.98859706899163,webcam,Webcam,focused,0.366,"{""focused"": 0.366, ""distracted"": 0.204, ""fatigued"": 0.198, ""overloaded"": 0.232}",focused,0.3668,"{""focused"": 0.3668, ""distracted"": 0.2028, ""fatigued"": 0.2016, ""overloaded"": 0.22880000000000003}",Low,0.13799999999999998,5,5,True,2373,"{""keystroke"": true, ""text"": true, ""audio"": true, ""image"": true, ""webcam_image_calibration"": true}"
2026-08-21T00:49:41.836367+00:00,8d7efc7b-1609-42ea-850e-5411cdf14a8e,2,63,89,microphone.wav,quiet,0.01123492419719696,-38.98859706899163,webcam,Webcam,focused,0.362,"{""focused"": 0.362, ""distracted"": 0.208, ""fatigued"": 0.2, ""overloaded"": 0.23}",focused,0.36719999999999997,"{""focused"": 0.36719999999999997, ""distracted"": 0.2024, ""fatigued"": 0.2008, ""overloaded"": 0.22960000000000003}",Low,0.13759999999999994,5,5,True,2373,"{""keystroke"": true, ""text"": true, ""audio"": true, ""image"": true, ""webcam_image_calibration"": true}"
2026-08-21T00:49:47.039171+00:00,8d7efc7b-1609-42ea-850e-5411cdf14a8e,2,63,89,microphone.wav,quiet,0.01123492419719696,-38.98859706899163,webcam,Webcam,focused,0.354,"{""focused"": 0.354, ""distracted"": 0.202, ""fatigued"": 0.2, ""overloaded"": 0.244}",focused,0.366,"{""focused"": 0.366, ""distracted"": 0.20400000000000001, ""fatigued"": 0.1992, ""overloaded"": 0.23079999999999998}",Low,0.13520000000000001,5,5,True,2373,"{""keystroke"": true, ""text"": true, ""audio"": true, ""image"": true, ""webcam_image_calibration"": true}"
2026-08-21T00:49:50.870958+00:00,8d7efc7b-1609-42ea-850e-5411cdf14a8e,2,63,89,microphone.wav,quiet,0.01123492419719696,-38.98859706899163,webcam,Webcam,focused,0.366,"{""focused"": 0.366, ""distracted"": 0.19, ""fatigued"": 0.21, ""overloaded"": 0.234}",focused,0.36360000000000003,"{""focused"": 0.36360000000000003, ""distracted"": 0.2012, ""fatigued"": 0.202, ""overloaded"": 0.2332}",Low,0.13040000000000004,5,5,True,2373,"{""keystroke"": true, ""text"": true, ""audio"": true, ""image"": true, ""webcam_image_calibration"": true}"
2026-08-21T00:49:56.378620+00:00,8d7efc7b-1609-42ea-850e-5411cdf14a8e,2,63,89,microphone.wav,quiet,0.01123492419719696,-38.98859706899163,webcam,Webcam,focused,0.366,"{""focused"": 0.366, ""distracted"": 0.192, ""fatigued"": 0.212, ""overloaded"": 0.23}",focused,0.3628,"{""focused"": 0.3628, ""distracted"": 0.1992, ""fatigued"": 0.20400000000000001, ""overloaded"": 0.23399999999999999}",Low,0.12880000000000003,5,5,True,2373,"{""keystroke"": true, ""text"": true, ""audio"": true, ""image"": true, ""webcam_image_calibration"": true}"
2026-08-21T00:50:02.327217+00:00,8d7efc7b-1609-42ea-850e-5411cdf14a8e,2,63,89,microphone.wav,quiet,0.01123492419719696,-38.98859706899163,webcam,Webcam,focused,0.362,"{""focused"": 0.362, ""distracted"": 0.202, ""fatigued"": 0.21, ""overloaded"": 0.226}",focused,0.362,"{""focused"": 0.362, ""distracted"": 0.1988, ""fatigued"": 0.2064, ""overloaded"": 0.23280000000000003}",Low,0.12919999999999995,5,5,True,2373,"{""keystroke"": true, ""text"": true, ""audio"": true, ""image"": true, ""webcam_image_calibration"": true}"
2026-08-21T00:50:06.640382+00:00,8d7efc7b-1609-42ea-850e-5411cdf14a8e,2,63,89,microphone.wav,quiet,0.01123492419719696,-38.98859706899163,webcam,Webcam,focused,0.37,"{""focused"": 0.37, ""distracted"": 0.188, ""fatigued"": 0.212, ""overloaded"": 0.23}",focused,0.36360000000000003,"{""focused"": 0.36360000000000003, ""distracted"": 0.1948, ""fatigued"": 0.2088, ""overloaded"": 0.23280000000000003}",Low,0.1308,5,5,True,2373,"{""keystroke"": true, ""text"": true, ""audio"": true, ""image"": true, ""webcam_image_calibration"": true}"
2026-08-21T00:50:11.125200+00:00,8d7efc7b-1609-42ea-850e-5411cdf14a8e,2,63,89,microphone.wav,quiet,0.01123492419719696,-38.98859706899163,webcam,Webcam,focused,0.362,"{""focused"": 0.362, ""distracted"": 0.196, ""fatigued"": 0.206, ""overloaded"": 0.236}",focused,0.3652,"{""focused"": 0.3652, ""distracted"": 0.1936, ""fatigued"": 0.21000000000000002, ""overloaded"": 0.23120000000000002}",Low,0.134,5,5,True,2373,"{""keystroke"": true, ""text"": true, ""audio"": true, ""image"": true, ""webcam_image_calibration"": true}"
2026-08-21T00:50:16.527176+00:00,8d7efc7b-1609-42ea-850e-5411cdf14a8e,2,63,89,microphone.wav,quiet,0.01123492419719696,-38.98859706899163,webcam,Webcam,focused,0.374,"{""focused"": 0.374, ""distracted"": 0.188, ""fatigued"": 0.21, ""overloaded"": 0.228}",focused,0.3668,"{""focused"": 0.3668, ""distracted"": 0.19319999999999998, ""fatigued"": 0.21000000000000002, ""overloaded"": 0.22999999999999998}",Low,0.13680000000000003,5,5,True,2373,"{""keystroke"": true, ""text"": true, ""audio"": true, ""image"": true, ""webcam_image_calibration"": true}"
2026-08-21T00:50:22.287468+00:00,8d7efc7b-1609-42ea-850e-5411cdf14a8e,2,63,89,microphone.wav,quiet,0.01123492419719696,-38.98859706899163,webcam,Webcam,focused,0.372,"{""focused"": 0.372, ""distracted"": 0.19, ""fatigued"": 0.212, ""overloaded"": 0.226}",focused,0.368,"{""focused"": 0.368, ""distracted"": 0.1928, ""fatigued"": 0.21000000000000002, ""overloaded"": 0.2292}",Low,0.1388,5,5,True,2373,"{""keystroke"": true, ""text"": true, ""audio"": true, ""image"": true, ""webcam_image_calibration"": true}"
2026-08-21T00:50:27.596867+00:00,8d7efc7b-1609-42ea-850e-5411cdf14a8e,2,63,89,microphone.wav,quiet,0.01123492419719696,-38.98859706899163,webcam,Webcam,focused,0.376,"{""focused"": 0.376, ""distracted"": 0.194, ""fatigued"": 0.2, ""overloaded"": 0.23}",focused,0.3708,"{""focused"": 0.3708, ""distracted"": 0.19119999999999998, ""fatigued"": 0.20800000000000002, ""overloaded"": 0.22999999999999998}",Low,0.14080000000000004,5,5,True,2373,"{""keystroke"": true, ""text"": true, ""audio"": true, ""image"": true, ""webcam_image_calibration"": true}"
2026-08-21T00:50:32.536872+00:00,8d7efc7b-1609-42ea-850e-5411cdf14a8e,2,63,89,microphone.wav,quiet,0.01123492419719696,-38.98859706899163,webcam,Webcam,focused,0.376,"{""focused"": 0.376, ""distracted"": 0.184, ""fatigued"": 0.202, ""overloaded"": 0.238}",focused,0.372,"{""focused"": 0.372, ""distracted"": 0.19039999999999999, ""fatigued"": 0.20600000000000002, ""overloaded"": 0.23159999999999997}",Low,0.14040000000000002,5,5,True,2373,"{""keystroke"": true, ""text"": true, ""audio"": true, ""image"": true, ""webcam_image_calibration"": true}"
2026-08-21T00:50:37.528529+00:00,8d7efc7b-1609-42ea-850e-5411cdf14a8e,2,63,89,microphone.wav,quiet,0.01123492419719696,-38.98859706899163,webcam,Webcam,focused,0.372,"{""focused"": 0.372, ""distracted"": 0.19, ""fatigued"": 0.204, ""overloaded"": 0.234}",focused,0.374,"{""focused"": 0.374, ""distracted"": 0.18919999999999998, ""fatigued"": 0.2056, ""overloaded"": 0.23120000000000002}",Low,0.14279999999999998,5,5,True,2373,"{""keystroke"": true, ""text"": true, ""audio"": true, ""image"": true, ""webcam_image_calibration"": true}"
2026-08-21T00:50:40.404724+00:00,8d7efc7b-1609-42ea-850e-5411cdf14a8e,2,63,89,microphone.wav,quiet,0.01123492419719696,-38.98859706899163,webcam,Webcam,focused,0.38,"{""focused"": 0.38, ""distracted"": 0.188, ""fatigued"": 0.21, ""overloaded"": 0.222}",focused,0.3752,"{""focused"": 0.3752, ""distracted"": 0.18919999999999998, ""fatigued"": 0.2056, ""overloaded"": 0.22999999999999998}",Low,0.1452,5,5,True,2373,"{""keystroke"": true, ""text"": true, ""audio"": true, ""image"": true, ""webcam_image_calibration"": true}"
2026-08-21T00:50:46.786860+00:00,8d7efc7b-1609-42ea-850e-5411cdf14a8e,2,63,89,microphone.wav,quiet,0.01123492419719696,-38.98859706899163,webcam,Webcam,focused,0.378,"{""focused"": 0.378, ""distracted"": 0.198, ""fatigued"": 0.202, ""overloaded"": 0.222}",focused,0.3764,"{""focused"": 0.3764, ""distracted"": 0.1908, ""fatigued"": 0.2036, ""overloaded"": 0.2292}",Low,0.14720000000000003,5,5,True,2373,"{""keystroke"": true, ""text"": true, ""audio"": true, ""image"": true, ""webcam_image_calibration"": true}"
2026-08-21T00:50:52.510560+00:00,8d7efc7b-1609-42ea-850e-5411cdf14a8e,2,63,89,microphone.wav,quiet,0.01123492419719696,-38.98859706899163,webcam,Webcam,focused,0.364,"{""focused"": 0.364, ""distracted"": 0.192, ""fatigued"": 0.206, ""overloaded"": 0.238}",focused,0.374,"{""focused"": 0.374, ""distracted"": 0.19039999999999999, ""fatigued"": 0.2048, ""overloaded"": 0.23079999999999998}",Low,0.14320000000000002,5,5,True,2373,"{""keystroke"": true, ""text"": true, ""audio"": true, ""image"": true, ""webcam_image_calibration"": true}"
2026-08-21T00:50:57.389378+00:00,8d7efc7b-1609-42ea-850e-5411cdf14a8e,2,63,89,microphone.wav,quiet,0.01123492419719696,-38.98859706899163,webcam,Webcam,focused,0.362,"{""focused"": 0.362, ""distracted"": 0.216, ""fatigued"": 0.196, ""overloaded"": 0.226}",focused,0.3712,"{""focused"": 0.3712, ""distracted"": 0.1968, ""fatigued"": 0.2036, ""overloaded"": 0.2284}",Low,0.14279999999999998,5,5,True,2373,"{""keystroke"": true, ""text"": true, ""audio"": true, ""image"": true, ""webcam_image_calibration"": true}"
2026-08-21T00:51:02.048809+00:00,8d7efc7b-1609-42ea-850e-5411cdf14a8e,2,63,89,microphone.wav,quiet,0.01123492419719696,-38.98859706899163,webcam,Webcam,focused,0.356,"{""focused"": 0.356, ""distracted"": 0.184, ""fatigued"": 0.214, ""overloaded"": 0.246}",focused,0.368,"{""focused"": 0.368, ""distracted"": 0.1956, ""fatigued"": 0.2056, ""overloaded"": 0.23079999999999998}",Low,0.13720000000000002,5,5,True,2373,"{""keystroke"": true, ""text"": true, ""audio"": true, ""image"": true, ""webcam_image_calibration"": true}"
2026-08-21T02:59:13.684521+00:00,763ca0e9-b237-4db2-83f9-673485c49689,2,34,36,microphone.wav,quiet,0.010603453032672405,-39.49105365917646,webcam,Webcam,focused,0.44,"{""focused"": 0.44, ""distracted"": 0.2, ""fatigued"": 0.186, ""overloaded"": 0.174}",focused,0.44,"{""focused"": 0.44, ""distracted"": 0.2, ""fatigued"": 0.186, ""overloaded"": 0.174}",Medium,0.24,1,5,True,2373,"{""keystroke"": true, ""text"": true, ""audio"": true, ""image"": true, ""webcam_image_calibration"": true}"
2026-08-21T02:59:18.800990+00:00,763ca0e9-b237-4db2-83f9-673485c49689,2,67,72,microphone.wav,quiet,0.010603453032672405,-39.49105365917646,webcam,Webcam,fatigued,0.28,"{""focused"": 0.208, ""distracted"": 0.27, ""fatigued"": 0.28, ""overloaded"": 0.242}",focused,0.324,"{""focused"": 0.324, ""distracted"": 0.23500000000000001, ""fatigued"": 0.233, ""overloaded"": 0.208}",Low,0.089,2,5,True,2373,"{""keystroke"": true, ""text"": true, ""audio"": true, ""image"": true, ""webcam_image_calibration"": true}"
2026-08-21T02:59:23.464349+00:00,763ca0e9-b237-4db2-83f9-673485c49689,2,76,80,microphone.wav,quiet,0.010603453032672405,-39.49105365917646,webcam,Webcam,distracted,0.276,"{""focused"": 0.202, ""distracted"": 0.276, ""fatigued"": 0.276, ""overloaded"": 0.246}",focused,0.2833333333333333,"{""focused"": 0.2833333333333333, ""distracted"": 0.24866666666666667, ""fatigued"": 0.24733333333333332, ""overloaded"": 0.22066666666666665}",Low,0.03466666666666665,3,5,True,2373,"{""keystroke"": true, ""text"": true, ""audio"": true, ""image"": true, ""webcam_image_calibration"": true}"
2026-08-21T02:59:29.380107+00:00,763ca0e9-b237-4db2-83f9-673485c49689,2,76,80,microphone.wav,quiet,0.010603453032672405,-39.49105365917646,webcam,Webcam,distracted,0.276,"{""focused"": 0.206, ""distracted"": 0.276, ""fatigued"": 0.272, ""overloaded"": 0.246}",focused,0.264,"{""focused"": 0.264, ""distracted"": 0.2555, ""fatigued"": 0.2535, ""overloaded"": 0.22699999999999998}",Low,0.008500000000000008,4,5,True,2373,"{""keystroke"": true, ""text"": true, ""audio"": true, ""image"": true, ""webcam_image_calibration"": true}"
2026-08-21T02:59:36.890571+00:00,763ca0e9-b237-4db2-83f9-673485c49689,2,76,80,microphone.wav,quiet,0.010603453032672405,-39.49105365917646,webcam,Webcam,fatigued,0.282,"{""focused"": 0.196, ""distracted"": 0.274, ""fatigued"": 0.282, ""overloaded"": 0.248}",distracted,0.2592,"{""focused"": 0.2504, ""distracted"": 0.2592, ""fatigued"": 0.2592, ""overloaded"": 0.2312}",Low,0.0,5,5,True,2373,"{""keystroke"": true, ""text"": true, ""audio"": true, ""image"": true, ""webcam_image_calibration"": true}"
2026-08-21T02:59:43.224588+00:00,763ca0e9-b237-4db2-83f9-673485c49689,2,76,80,microphone.wav,quiet,0.010603453032672405,-39.49105365917646,webcam,Webcam,fatigued,0.278,"{""focused"": 0.206, ""distracted"": 0.272, ""fatigued"": 0.278, ""overloaded"": 0.244}",fatigued,0.2776,"{""focused"": 0.2036, ""distracted"": 0.2736, ""fatigued"": 0.2776, ""overloaded"": 0.2452}",Low,0.0040000000000000036,5,5,True,2373,"{""keystroke"": true, ""text"": true, ""audio"": true, ""image"": true, ""webcam_image_calibration"": true}"
2026-08-21T02:59:48.050455+00:00,763ca0e9-b237-4db2-83f9-673485c49689,2,76,80,microphone.wav,quiet,0.010603453032672405,-39.49105365917646,webcam,Webcam,fatigued,0.296,"{""focused"": 0.202, ""distracted"": 0.258, ""fatigued"": 0.296, ""overloaded"": 0.244}",fatigued,0.2808,"{""focused"": 0.2024, ""distracted"": 0.2712, ""fatigued"": 0.2808, ""overloaded"": 0.24559999999999998}",Low,0.009599999999999997,5,5,True,2373,"{""keystroke"": true, ""text"": true, ""audio"": true, ""image"": true, ""webcam_image_calibration"": true}"
2026-08-21T02:59:54.666289+00:00,763ca0e9-b237-4db2-83f9-673485c49689,2,76,80,microphone.wav,quiet,0.010603453032672405,-39.49105365917646,webcam,Webcam,distracted,0.296,"{""focused"": 0.186, ""distracted"": 0.296, ""fatigued"": 0.266, ""overloaded"": 0.252}",fatigued,0.27880000000000005,"{""focused"": 0.1992, ""distracted"": 0.2752, ""fatigued"": 0.27880000000000005, ""overloaded"": 0.2468}",Low,0.0036000000000000476,5,5,True,2373,"{""keystroke"": true, ""text"": true, ""audio"": true, ""image"": true, ""webcam_image_calibration"": true}"
2026-08-21T03:00:01.370163+00:00,763ca0e9-b237-4db2-83f9-673485c49689,2,76,80,microphone.wav,quiet,0.010603453032672405,-39.49105365917646,webcam,Webcam,distracted,0.284,"{""focused"": 0.188, ""distracted"": 0.284, ""fatigued"": 0.28, ""overloaded"": 0.248}",fatigued,0.28040000000000004,"{""focused"": 0.1956, ""distracted"": 0.2768, ""fatigued"": 0.28040000000000004, ""overloaded"": 0.2472}",Low,0.0036000000000000476,5,5,True,2373,"{""keystroke"": true, ""text"": true, ""audio"": true, ""image"": true, ""webcam_image_calibration"": true}"
2026-08-21T03:00:06.781455+00:00,763ca0e9-b237-4db2-83f9-673485c49689,2,76,80,microphone.wav,quiet,0.010603453032672405,-39.49105365917646,webcam,Webcam,fatigued,0.278,"{""focused"": 0.194, ""distracted"": 0.276, ""fatigued"": 0.278, ""overloaded"": 0.252}",fatigued,0.2796,"{""focused"": 0.19519999999999998, ""distracted"": 0.2772, ""fatigued"": 0.2796, ""overloaded"": 0.248}",Low,0.0024000000000000132,5,5,True,2373,"{""keystroke"": true, ""text"": true, ""audio"": true, ""image"": true, ""webcam_image_calibration"": true}"
2026-08-21T03:00:11.906630+00:00,763ca0e9-b237-4db2-83f9-673485c49689,2,76,80,microphone.wav,quiet,0.010603453032672405,-39.49105365917646,webcam,Webcam,distracted,0.274,"{""focused"": 0.21, ""distracted"": 0.274, ""fatigued"": 0.27, ""overloaded"": 0.246}",fatigued,0.278,"{""focused"": 0.196, ""distracted"": 0.27759999999999996, ""fatigued"": 0.278, ""overloaded"": 0.2484}",Low,0.00040000000000006697,5,5,True,2373,"{""keystroke"": true, ""text"": true, ""audio"": true, ""image"": true, ""webcam_image_calibration"": true}"
2026-08-21T03:00:18.784046+00:00,763ca0e9-b237-4db2-83f9-673485c49689,2,76,80,microphone.wav,quiet,0.010603453032672405,-39.49105365917646,webcam,Webcam,fatigued,0.274,"{""focused"": 0.21, ""distracted"": 0.27, ""fatigued"": 0.274, ""overloaded"": 0.246}",distracted,0.27999999999999997,"{""focused"": 0.1976, ""distracted"": 0.27999999999999997, ""fatigued"": 0.2736, ""overloaded"": 0.2488}",Low,0.006399999999999961,5,5,True,2373,"{""keystroke"": true, ""text"": true, ""audio"": true, ""image"": true, ""webcam_image_calibration"": true}"
2026-08-21T03:00:24.482403+00:00,763ca0e9-b237-4db2-83f9-673485c49689,2,76,80,microphone.wav,quiet,0.010603453032672405,-39.49105365917646,webcam,Webcam,fatigued,0.29,"{""focused"": 0.21, ""distracted"": 0.244, ""fatigued"": 0.29, ""overloaded"": 0.256}",fatigued,0.27840000000000004,"{""focused"": 0.2024, ""distracted"": 0.2696, ""fatigued"": 0.27840000000000004, ""overloaded"": 0.2496}",Low,0.00880000000000003,5,5,True,2373,"{""keystroke"": true, ""text"": true, ""audio"": true, ""image"": true, ""webcam_image_calibration"": true}"
2026-08-21T03:00:32.210862+00:00,763ca0e9-b237-4db2-83f9-673485c49689,2,76,80,microphone.wav,quiet,0.010603453032672405,-39.49105365917646,webcam,Webcam,fatigued,0.286,"{""focused"": 0.198, ""distracted"": 0.274, ""fatigued"": 0.286, ""overloaded"": 0.242}",fatigued,0.2796,"{""focused"": 0.2044, ""distracted"": 0.2676, ""fatigued"": 0.2796, ""overloaded"": 0.2484}",Low,0.01200000000000001,5,5,True,2373,"{""keystroke"": true, ""text"": true, ""audio"": true, ""image"": true, ""webcam_image_calibration"": true}"
2026-08-21T03:00:39.278304+00:00,763ca0e9-b237-4db2-83f9-673485c49689,2,76,91,microphone.wav,quiet,0.010603453032672405,-39.49105365917646,webcam,Webcam,fatigued,0.332,"{""focused"": 0.164, ""distracted"": 0.262, ""fatigued"": 0.332, ""overloaded"": 0.242}",fatigued,0.2904,"{""focused"": 0.1984, ""distracted"": 0.26480000000000004, ""fatigued"": 0.2904, ""overloaded"": 0.2464}",Low,0.025599999999999956,5,5,True,2373,"{""keystroke"": true, ""text"": true, ""audio"": true, ""image"": true, ""webcam_image_calibration"": true}"
2026-08-21T03:00:58.108389+00:00,763ca0e9-b237-4db2-83f9-673485c49689,3,76,100,microphone.wav,quiet,0.010585127398371696,-39.50607821235879,webcam,Webcam,fatigued,0.356,"{""focused"": 0.178, ""distracted"": 0.264, ""fatigued"": 0.356, ""overloaded"": 0.202}",fatigued,0.356,"{""focused"": 0.178, ""distracted"": 0.264, ""fatigued"": 0.356, ""overloaded"": 0.202}",Low,0.09199999999999997,1,5,True,2373,"{""keystroke"": true, ""text"": true, ""audio"": true, ""image"": true, ""webcam_image_calibration"": true}"
2026-08-21T03:01:04.329320+00:00,763ca0e9-b237-4db2-83f9-673485c49689,3,80,104,microphone.wav,quiet,0.010585127398371696,-39.50607821235879,webcam,Webcam,fatigued,0.334,"{""focused"": 0.158, ""distracted"": 0.274, ""fatigued"": 0.334, ""overloaded"": 0.234}",fatigued,0.345,"{""focused"": 0.16799999999999998, ""distracted"": 0.269, ""fatigued"": 0.345, ""overloaded"": 0.21800000000000003}",Low,0.07599999999999996,2,5,True,2373,"{""keystroke"": true, ""text"": true, ""audio"": true, ""image"": true, ""webcam_image_calibration"": true}"
2026-08-21T03:01:12.256037+00:00,763ca0e9-b237-4db2-83f9-673485c49689,3,76,118,microphone.wav,quiet,0.010585127398371696,-39.50607821235879,webcam,Webcam,fatigued,0.344,"{""focused"": 0.17, ""distracted"": 0.268, ""fatigued"": 0.344, ""overloaded"": 0.218}",fatigued,0.3446666666666667,"{""focused"": 0.16866666666666666, ""distracted"": 0.26866666666666666, ""fatigued"": 0.3446666666666667, ""overloaded"": 0.218}",Low,0.07600000000000001,3,5,True,2373,"{""keystroke"": true, ""text"": true, ""audio"": true, ""image"": true, ""webcam_image_calibration"": true}"
2026-08-21T03:01:19.184359+00:00,763ca0e9-b237-4db2-83f9-673485c49689,3,76,118,microphone.wav,quiet,0.010585127398371696,-39.50607821235879,webcam,Webcam,fatigued,0.348,"{""focused"": 0.158, ""distracted"": 0.266, ""fatigued"": 0.348, ""overloaded"": 0.228}",fatigued,0.3455,"{""focused"": 0.166, ""distracted"": 0.268, ""fatigued"": 0.3455, ""overloaded"": 0.2205}",Low,0.07749999999999996,4,5,True,2373,"{""keystroke"": true, ""text"": true, ""audio"": true, ""image"": true, ""webcam_image_calibration"": true}"
2026-08-21T03:01:23.435894+00:00,763ca0e9-b237-4db2-83f9-673485c49689,3,76,118,microphone.wav,quiet,0.010585127398371696,-39.50607821235879,webcam,Webcam,fatigued,0.356,"{""focused"": 0.174, ""distracted"": 0.244, ""fatigued"": 0.356, ""overloaded"": 0.226}",fatigued,0.3476,"{""focused"": 0.1676, ""distracted"": 0.2632, ""fatigued"": 0.3476, ""overloaded"": 0.22160000000000002}",Low,0.08440000000000003,5,5,True,2373,"{""keystroke"": true, ""text"": true, ""audio"": true, ""image"": true, ""webcam_image_calibration"": true}"
2026-08-21T03:02:19.378473+00:00,763ca0e9-b237-4db2-83f9-673485c49689,6,84,100,microphone.wav,quiet,0.008303314447402954,-41.61497029974022,webcam,Webcam,fatigued,0.374,"{""focused"": 0.158, ""distracted"": 0.216, ""fatigued"": 0.374, ""overloaded"": 0.252}",fatigued,0.374,"{""focused"": 0.158, ""distracted"": 0.216, ""fatigued"": 0.374, ""overloaded"": 0.252}",Low,0.122,1,5,True,2373,"{""keystroke"": true, ""text"": true, ""audio"": true, ""image"": true, ""webcam_image_calibration"": true}"
2026-08-21T03:02:26.861796+00:00,763ca0e9-b237-4db2-83f9-673485c49689,6,84,105,microphone.wav,quiet,0.008303314447402954,-41.61497029974022,webcam,Webcam,fatigued,0.358,"{""focused"": 0.158, ""distracted"": 0.244, ""fatigued"": 0.358, ""overloaded"": 0.24}",fatigued,0.366,"{""focused"": 0.158, ""distracted"": 0.22999999999999998, ""fatigued"": 0.366, ""overloaded"": 0.246}",Low,0.12,2,5,True,2373,"{""keystroke"": true, ""text"": true, ""audio"": true, ""image"": true, ""webcam_image_calibration"": true}"
2026-08-21T03:02:33.834753+00:00,763ca0e9-b237-4db2-83f9-673485c49689,6,84,115,microphone.wav,quiet,0.008303314447402954,-41.61497029974022,webcam,Webcam,fatigued,0.35,"{""focused"": 0.154, ""distracted"": 0.246, ""fatigued"": 0.35, ""overloaded"": 0.25}",fatigued,0.3606666666666667,"{""focused"": 0.15666666666666668, ""distracted"": 0.23533333333333334, ""fatigued"": 0.3606666666666667, ""overloaded"": 0.24733333333333335}",Low,0.11333333333333334,3,5,True,2373,"{""keystroke"": true, ""text"": true, ""audio"": true, ""image"": true, ""webcam_image_calibration"": true}"
2026-08-21T03:02:40.160774+00:00,763ca0e9-b237-4db2-83f9-673485c49689,6,84,124,microphone.wav,quiet,0.008303314447402954,-41.61497029974022,webcam,Webcam,fatigued,0.382,"{""focused"": 0.13, ""distracted"": 0.214, ""fatigued"": 0.382, ""overloaded"": 0.274}",fatigued,0.366,"{""focused"": 0.15, ""distracted"": 0.22999999999999998, ""fatigued"": 0.366, ""overloaded"": 0.254}",Low,0.11199999999999999,4,5,True,2373,"{""keystroke"": true, ""text"": true, ""audio"": true, ""image"": true, ""webcam_image_calibration"": true}"
2026-08-21T03:02:46.381966+00:00,763ca0e9-b237-4db2-83f9-673485c49689,6,84,124,microphone.wav,quiet,0.008303314447402954,-41.61497029974022,webcam,Webcam,fatigued,0.366,"{""focused"": 0.158, ""distracted"": 0.234, ""fatigued"": 0.366, ""overloaded"": 0.242}",fatigued,0.366,"{""focused"": 0.1516, ""distracted"": 0.23079999999999998, ""fatigued"": 0.366, ""overloaded"": 0.2516}",Low,0.1144,5,5,True,2373,"{""keystroke"": true, ""text"": true, ""audio"": true, ""image"": true, ""webcam_image_calibration"": true}"
2026-08-21T03:02:52.180545+00:00,763ca0e9-b237-4db2-83f9-673485c49689,6,84,124,microphone.wav,quiet,0.008303314447402954,-41.61497029974022,webcam,Webcam,fatigued,0.368,"{""focused"": 0.15, ""distracted"": 0.24, ""fatigued"": 0.368, ""overloaded"": 0.242}",fatigued,0.3648,"{""focused"": 0.15000000000000002, ""distracted"": 0.2356, ""fatigued"": 0.3648, ""overloaded"": 0.24960000000000002}",Low,0.1152,5,5,True,2373,"{""keystroke"": true, ""text"": true, ""audio"": true, ""image"": true, ""webcam_image_calibration"": true}"
2026-08-21T03:02:59.441219+00:00,763ca0e9-b237-4db2-83f9-673485c49689,6,84,124,microphone.wav,quiet,0.008303314447402954,-41.61497029974022,webcam,Webcam,fatigued,0.37,"{""focused"": 0.154, ""distracted"": 0.234, ""fatigued"": 0.37, ""overloaded"": 0.242}",fatigued,0.36719999999999997,"{""focused"": 0.1492, ""distracted"": 0.23359999999999997, ""fatigued"": 0.36719999999999997, ""overloaded"": 0.25}",Low,0.11719999999999997,5,5,True,2373,"{""keystroke"": true, ""text"": true, ""audio"": true, ""image"": true, ""webcam_image_calibration"": true}"
2026-08-21T03:06:31.782948+00:00,9d6086d3-5a1d-4e3d-b153-044b8b8948d4,2,29,29,microphone.wav,quiet,0.011066361330449581,-39.119903072716575,webcam,Webcam,fatigued,0.286,"{""focused"": 0.19, ""distracted"": 0.242, ""fatigued"": 0.286, ""overloaded"": 0.282}",fatigued,0.286,"{""focused"": 0.19, ""distracted"": 0.242, ""fatigued"": 0.286, ""overloaded"": 0.282}",Low,0.0040000000000000036,1,5,True,2373,"{""keystroke"": true, ""text"": true, ""audio"": true, ""image"": true, ""webcam_image_calibration"": true}"
2026-08-21T03:06:39.642352+00:00,9d6086d3-5a1d-4e3d-b153-044b8b8948d4,2,56,62,microphone.wav,quiet,0.011066361330449581,-39.119903072716575,webcam,Webcam,overloaded,0.308,"{""focused"": 0.166, ""distracted"": 0.258, ""fatigued"": 0.268, ""overloaded"": 0.308}",overloaded,0.295,"{""focused"": 0.178, ""distracted"": 0.25, ""fatigued"": 0.277, ""overloaded"": 0.295}",Low,0.01799999999999996,2,5,True,2373,"{""keystroke"": true, ""text"": true, ""audio"": true, ""image"": true, ""webcam_image_calibration"": true}"
2026-08-21T03:06:46.543092+00:00,9d6086d3-5a1d-4e3d-b153-044b8b8948d4,2,54,96,microphone.wav,quiet,0.011066361330449581,-39.119903072716575,webcam,Webcam,fatigued,0.276,"{""focused"": 0.182, ""distracted"": 0.266, ""fatigued"": 0.276, ""overloaded"": 0.276}",overloaded,0.2886666666666667,"{""focused"": 0.17933333333333334, ""distracted"": 0.25533333333333336, ""fatigued"": 0.27666666666666667, ""overloaded"": 0.2886666666666667}",Low,0.01200000000000001,3,5,True,2373,"{""keystroke"": true, ""text"": true, ""audio"": true, ""image"": true, ""webcam_image_calibration"": true}"
2026-08-21T03:06:51.984975+00:00,9d6086d3-5a1d-4e3d-b153-044b8b8948d4,2,67,113,microphone.wav,quiet,0.011066361330449581,-39.119903072716575,webcam,Webcam,overloaded,0.288,"{""focused"": 0.172, ""distracted"": 0.278, ""fatigued"": 0.262, ""overloaded"": 0.288}",overloaded,0.2885,"{""focused"": 0.1775, ""distracted"": 0.261, ""fatigued"": 0.273, ""overloaded"": 0.2885}",Low,0.015499999999999958,4,5,True,2373,"{""keystroke"": true, ""text"": true, ""audio"": true, ""image"": true, ""webcam_image_calibration"": true}"
2026-08-21T03:06:59.678401+00:00,9d6086d3-5a1d-4e3d-b153-044b8b8948d4,2,71,117,microphone.wav,quiet,0.011066361330449581,-39.119903072716575,webcam,Webcam,overloaded,0.296,"{""focused"": 0.176, ""distracted"": 0.264, ""fatigued"": 0.264, ""overloaded"": 0.296}",overloaded,0.29,"{""focused"": 0.1772, ""distracted"": 0.2616, ""fatigued"": 0.2712, ""overloaded"": 0.29}",Low,0.018799999999999983,5,5,True,2373,"{""keystroke"": true, ""text"": true, ""audio"": true, ""image"": true, ""webcam_image_calibration"": true}"
2026-08-21T03:07:07.012816+00:00,9d6086d3-5a1d-4e3d-b153-044b8b8948d4,2,71,117,microphone.wav,quiet,0.011066361330449581,-39.119903072716575,webcam,Webcam,overloaded,0.308,"{""focused"": 0.172, ""distracted"": 0.252, ""fatigued"": 0.268, ""overloaded"": 0.308}",overloaded,0.2952,"{""focused"": 0.1736, ""distracted"": 0.2636, ""fatigued"": 0.2676, ""overloaded"": 0.2952}",Low,0.027600000000000013,5,5,True,2373,"{""keystroke"": true, ""text"": true, ""audio"": true, ""image"": true, ""webcam_image_calibration"": true}"
2026-08-21T03:07:13.878646+00:00,9d6086d3-5a1d-4e3d-b153-044b8b8948d4,2,71,117,microphone.wav,quiet,0.011066361330449581,-39.119903072716575,webcam,Webcam,overloaded,0.33,"{""focused"": 0.164, ""distracted"": 0.234, ""fatigued"": 0.272, ""overloaded"": 0.33}",overloaded,0.2996,"{""focused"": 0.1732, ""distracted"": 0.25880000000000003, ""fatigued"": 0.2684, ""overloaded"": 0.2996}",Low,0.03119999999999995,5,5,True,2373,"{""keystroke"": true, ""text"": true, ""audio"": true, ""image"": true, ""webcam_image_calibration"": true}"
2026-08-21T03:07:18.416094+00:00,9d6086d3-5a1d-4e3d-b153-044b8b8948d4,2,71,117,microphone.wav,quiet,0.011066361330449581,-39.119903072716575,webcam,Webcam,overloaded,0.334,"{""focused"": 0.166, ""distracted"": 0.22, ""fatigued"": 0.28, ""overloaded"": 0.334}",overloaded,0.31120000000000003,"{""focused"": 0.16999999999999998, ""distracted"": 0.2496, ""fatigued"": 0.2692, ""overloaded"": 0.31120000000000003}",Low,0.04200000000000004,5,5,True,2373,"{""keystroke"": true, ""text"": true, ""audio"": true, ""image"": true, ""webcam_image_calibration"": true}"
2026-08-21T03:07:24.295745+00:00,9d6086d3-5a1d-4e3d-b153-044b8b8948d4,2,71,117,microphone.wav,quiet,0.011066361330449581,-39.119903072716575,webcam,Webcam,overloaded,0.294,"{""focused"": 0.174, ""distracted"": 0.272, ""fatigued"": 0.26, ""overloaded"": 0.294}",overloaded,0.3124,"{""focused"": 0.1704, ""distracted"": 0.2484, ""fatigued"": 0.26880000000000004, ""overloaded"": 0.3124}",Low,0.04359999999999997,5,5,True,2373,"{""keystroke"": true, ""text"": true, ""audio"": true, ""image"": true, ""webcam_image_calibration"": true}"
2026-08-21T03:07:42.654942+00:00,9d6086d3-5a1d-4e3d-b153-044b8b8948d4,3,71,117,microphone.wav,quiet,0.007816862314939499,-42.13935075148993,webcam,Webcam,overloaded,0.268,"{""focused"": 0.222, ""distracted"": 0.25, ""fatigued"": 0.26, ""overloaded"": 0.268}",overloaded,0.268,"{""focused"": 0.222, ""distracted"": 0.25, ""fatigued"": 0.26, ""overloaded"": 0.268}",Low,0.008000000000000007,1,5,True,2373,"{""keystroke"": true, ""text"": true, ""audio"": true, ""image"": true, ""webcam_image_calibration"": true}"
2026-08-21T03:07:49.446871+00:00,9d6086d3-5a1d-4e3d-b153-044b8b8948d4,3,71,117,microphone.wav,quiet,0.007816862314939499,-42.13935075148993,webcam,Webcam,overloaded,0.306,"{""focused"": 0.204, ""distracted"": 0.238, ""fatigued"": 0.252, ""overloaded"": 0.306}",overloaded,0.28700000000000003,"{""focused"": 0.213, ""distracted"": 0.244, ""fatigued"": 0.256, ""overloaded"": 0.28700000000000003}",Low,0.031000000000000028,2,5,True,2373,"{""keystroke"": true, ""text"": true, ""audio"": true, ""image"": true, ""webcam_image_calibration"": true}"
2026-08-21T03:07:56.234061+00:00,9d6086d3-5a1d-4e3d-b153-044b8b8948d4,3,71,117,microphone.wav,quiet,0.007816862314939499,-42.13935075148993,webcam,Webcam,overloaded,0.272,"{""focused"": 0.222, ""distracted"": 0.244, ""fatigued"": 0.262, ""overloaded"": 0.272}",overloaded,0.28200000000000003,"{""focused"": 0.216, ""distracted"": 0.244, ""fatigued"": 0.258, ""overloaded"": 0.28200000000000003}",Low,0.02400000000000002,3,5,True,2373,"{""keystroke"": true, ""text"": true, ""audio"": true, ""image"": true, ""webcam_image_calibration"": true}"
2026-08-21T03:08:01.402876+00:00,9d6086d3-5a1d-4e3d-b153-044b8b8948d4,3,71,117,microphone.wav,quiet,0.007816862314939499,-42.13935075148993,webcam,Webcam,overloaded,0.27,"{""focused"": 0.224, ""distracted"": 0.25, ""fatigued"": 0.256, ""overloaded"": 0.27}",overloaded,0.279,"{""focused"": 0.218, ""distracted"": 0.2455, ""fatigued"": 0.2575, ""overloaded"": 0.279}",Low,0.02150000000000002,4,5,True,2373,"{""keystroke"": true, ""text"": true, ""audio"": true, ""image"": true, ""webcam_image_calibration"": true}"
2026-08-21T03:08:06.416537+00:00,9d6086d3-5a1d-4e3d-b153-044b8b8948d4,3,71,117,microphone.wav,quiet,0.007816862314939499,-42.13935075148993,webcam,Webcam,overloaded,0.318,"{""focused"": 0.214, ""distracted"": 0.208, ""fatigued"": 0.26, ""overloaded"": 0.318}",overloaded,0.28680000000000005,"{""focused"": 0.2172, ""distracted"": 0.238, ""fatigued"": 0.258, ""overloaded"": 0.28680000000000005}",Low,0.028800000000000048,5,5,True,2373,"{""keystroke"": true, ""text"": true, ""audio"": true, ""image"": true, ""webcam_image_calibration"": true}"
2026-08-21T03:08:12.340055+00:00,9d6086d3-5a1d-4e3d-b153-044b8b8948d4,3,71,117,microphone.wav,quiet,0.007816862314939499,-42.13935075148993,webcam,Webcam,overloaded,0.318,"{""focused"": 0.206, ""distracted"": 0.196, ""fatigued"": 0.28, ""overloaded"": 0.318}",overloaded,0.2968,"{""focused"": 0.21400000000000002, ""distracted"": 0.22719999999999999, ""fatigued"": 0.262, ""overloaded"": 0.2968}",Low,0.0348,5,5,True,2373,"{""keystroke"": true, ""text"": true, ""audio"": true, ""image"": true, ""webcam_image_calibration"": true}"
2026-08-21T03:08:18.626856+00:00,9d6086d3-5a1d-4e3d-b153-044b8b8948d4,3,71,117,microphone.wav,quiet,0.007816862314939499,-42.13935075148993,webcam,Webcam,overloaded,0.274,"{""focused"": 0.226, ""distracted"": 0.244, ""fatigued"": 0.256, ""overloaded"": 0.274}",overloaded,0.2904,"{""focused"": 0.2184, ""distracted"": 0.2284, ""fatigued"": 0.26280000000000003, ""overloaded"": 0.2904}",Low,0.027599999999999958,5,5,True,2373,"{""keystroke"": true, ""text"": true, ""audio"": true, ""image"": true, ""webcam_image_calibration"": true}"
2026-08-21T03:08:24.842605+00:00,9d6086d3-5a1d-4e3d-b153-044b8b8948d4,3,71,117,microphone.wav,quiet,0.007816862314939499,-42.13935075148993,webcam,Webcam,overloaded,0.266,"{""focused"": 0.232, ""distracted"": 0.252, ""fatigued"": 0.25, ""overloaded"": 0.266}",overloaded,0.2892,"{""focused"": 0.2204, ""distracted"": 0.22999999999999998, ""fatigued"": 0.2604, ""overloaded"": 0.2892}",Low,0.028799999999999992,5,5,True,2373,"{""keystroke"": true, ""text"": true, ""audio"": true, ""image"": true, ""webcam_image_calibration"": true}"
2026-08-21T03:08:31.938209+00:00,9d6086d3-5a1d-4e3d-b153-044b8b8948d4,3,71,117,microphone.wav,quiet,0.007816862314939499,-42.13935075148993,webcam,Webcam,overloaded,0.266,"{""focused"": 0.234, ""distracted"": 0.254, ""fatigued"": 0.246, ""overloaded"": 0.266}",overloaded,0.28840000000000005,"{""focused"": 0.22240000000000001, ""distracted"": 0.23079999999999998, ""fatigued"": 0.2584, ""overloaded"": 0.28840000000000005}",Low,0.030000000000000027,5,5,True,2373,"{""keystroke"": true, ""text"": true, ""audio"": true, ""image"": true, ""webcam_image_calibration"": true}"
2026-08-21T03:08:39.529330+00:00,9d6086d3-5a1d-4e3d-b153-044b8b8948d4,3,71,117,microphone.wav,quiet,0.007816862314939499,-42.13935075148993,webcam,Webcam,distracted,0.28,"{""focused"": 0.224, ""distracted"": 0.28, ""fatigued"": 0.236, ""overloaded"": 0.26}",overloaded,0.27680000000000005,"{""focused"": 0.22440000000000002, ""distracted"": 0.2452, ""fatigued"": 0.2536, ""overloaded"": 0.27680000000000005}",Low,0.023200000000000054,5,5,True,2373,"{""keystroke"": true, ""text"": true, ""audio"": true, ""image"": true, ""webcam_image_calibration"": true}"
2026-08-21T03:08:46.787927+00:00,9d6086d3-5a1d-4e3d-b153-044b8b8948d4,3,71,117,microphone.wav,quiet,0.007816862314939499,-42.13935075148993,webcam,Webcam,overloaded,0.26,"{""focused"": 0.234, ""distracted"": 0.252, ""fatigued"": 0.254, ""overloaded"": 0.26}",overloaded,0.2652,"{""focused"": 0.23000000000000004, ""distracted"": 0.2564, ""fatigued"": 0.2484, ""overloaded"": 0.2652}",Low,0.008799999999999975,5,5,True,2373,"{""keystroke"": true, ""text"": true, ""audio"": true, ""image"": true, ""webcam_image_calibration"": true}"
2026-08-21T03:08:54.310894+00:00,9d6086d3-5a1d-4e3d-b153-044b8b8948d4,3,73,125,microphone.wav,quiet,0.007816862314939499,-42.13935075148993,webcam,Webcam,fatigued,0.32,"{""focused"": 0.198, ""distracted"": 0.242, ""fatigued"": 0.32, ""overloaded"": 0.24}",fatigued,0.2612,"{""focused"": 0.22440000000000002, ""distracted"": 0.256, ""fatigued"": 0.2612, ""overloaded"": 0.2584}",Low,0.002799999999999969,5,5,True,2373,"{""keystroke"": true, ""text"": true, ""audio"": true, ""image"": true, ""webcam_image_calibration"": true}"
2026-08-21T03:09:01.835842+00:00,9d6086d3-5a1d-4e3d-b153-044b8b8948d4,3,71,128,microphone.wav,quiet,0.007816862314939499,-42.13935075148993,webcam,Webcam,fatigued,0.312,"{""focused"": 0.184, ""distracted"": 0.258, ""fatigued"": 0.312, ""overloaded"": 0.246}",fatigued,0.27359999999999995,"{""focused"": 0.21480000000000002, ""distracted"": 0.2572, ""fatigued"": 0.27359999999999995, ""overloaded"": 0.2544}",Low,0.01639999999999997,5,5,True,2373,"{""keystroke"": true, ""text"": true, ""audio"": true, ""image"": true, ""webcam_image_calibration"": true}"
2026-08-21T03:09:09.605239+00:00,9d6086d3-5a1d-4e3d-b153-044b8b8948d4,3,71,128,microphone.wav,quiet,0.007816862314939499,-42.13935075148993,webcam,Webcam,fatigued,0.32,"{""focused"": 0.19, ""distracted"": 0.248, ""fatigued"": 0.32, ""overloaded"": 0.242}",fatigued,0.2884,"{""focused"": 0.20600000000000002, ""distracted"": 0.256, ""fatigued"": 0.2884, ""overloaded"": 0.2496}",Low,0.032399999999999984,5,5,True,2373,"{""keystroke"": true, ""text"": true, ""audio"": true, ""image"": true, ""webcam_image_calibration"": true}"
2026-08-21T03:09:15.919984+00:00,9d6086d3-5a1d-4e3d-b153-044b8b8948d4,3,71,128,microphone.wav,quiet,0.007816862314939499,-42.13935075148993,webcam,Webcam,fatigued,0.328,"{""focused"": 0.178, ""distracted"": 0.244, ""fatigued"": 0.328, ""overloaded"": 0.25}",fatigued,0.3068,"{""focused"": 0.1968, ""distracted"": 0.2488, ""fatigued"": 0.3068, ""overloaded"": 0.2476}",Low,0.058000000000000024,5,5,True,2373,"{""keystroke"": true, ""text"": true, ""audio"": true, ""image"": true, ""webcam_image_calibration"": true}"
2026-08-21T03:09:21.272612+00:00,9d6086d3-5a1d-4e3d-b153-044b8b8948d4,3,71,128,microphone.wav,quiet,0.007816862314939499,-42.13935075148993,webcam,Webcam,fatigued,0.31,"{""focused"": 0.192, ""distracted"": 0.26, ""fatigued"": 0.31, ""overloaded"": 0.238}",fatigued,0.318,"{""focused"": 0.18839999999999998, ""distracted"": 0.2504, ""fatigued"": 0.318, ""overloaded"": 0.2432}",Low,0.0676,5,5,True,2373,"{""keystroke"": true, ""text"": true, ""audio"": true, ""image"": true, ""webcam_image_calibration"": true}"
2026-08-21T03:09:26.051141+00:00,9d6086d3-5a1d-4e3d-b153-044b8b8948d4,3,71,128,microphone.wav,quiet,0.007816862314939499,-42.13935075148993,webcam,Webcam,fatigued,0.326,"{""focused"": 0.186, ""distracted"": 0.234, ""fatigued"": 0.326, ""overloaded"": 0.254}",fatigued,0.31920000000000004,"{""focused"": 0.186, ""distracted"": 0.2488, ""fatigued"": 0.31920000000000004, ""overloaded"": 0.246}",Low,0.07040000000000005,5,5,True,2373,"{""keystroke"": true, ""text"": true, ""audio"": true, ""image"": true, ""webcam_image_calibration"": true}"
2026-08-21T03:09:30.443275+00:00,9d6086d3-5a1d-4e3d-b153-044b8b8948d4,3,71,128,microphone.wav,quiet,0.007816862314939499,-42.13935075148993,webcam,Webcam,fatigued,0.314,"{""focused"": 0.182, ""distracted"": 0.254, ""fatigued"": 0.314, ""overloaded"": 0.25}",fatigued,0.3196,"{""focused"": 0.1856, ""distracted"": 0.248, ""fatigued"": 0.3196, ""overloaded"": 0.2468}",Low,0.0716,5,5,True,2373,"{""keystroke"": true, ""text"": true, ""audio"": true, ""image"": true, ""webcam_image_calibration"": true}"
2026-08-21T03:09:36.087900+00:00,9d6086d3-5a1d-4e3d-b153-044b8b8948d4,3,71,128,microphone.wav,quiet,0.007816862314939499,-42.13935075148993,webcam,Webcam,fatigued,0.314,"{""focused"": 0.182, ""distracted"": 0.242, ""fatigued"": 0.314, ""overloaded"": 0.262}",fatigued,0.3184,"{""focused"": 0.184, ""distracted"": 0.2468, ""fatigued"": 0.3184, ""overloaded"": 0.2508}",Low,0.0676,5,5,True,2373,"{""keystroke"": true, ""text"": true, ""audio"": true, ""image"": true, ""webcam_image_calibration"": true}"
2026-08-21T03:09:41.435296+00:00,9d6086d3-5a1d-4e3d-b153-044b8b8948d4,3,71,128,microphone.wav,quiet,0.007816862314939499,-42.13935075148993,webcam,Webcam,fatigued,0.326,"{""focused"": 0.18, ""distracted"": 0.242, ""fatigued"": 0.326, ""overloaded"": 0.252}",fatigued,0.318,"{""focused"": 0.18439999999999998, ""distracted"": 0.2464, ""fatigued"": 0.318, ""overloaded"": 0.2512}",Low,0.06680000000000003,5,5,True,2373,"{""keystroke"": true, ""text"": true, ""audio"": true, ""image"": true, ""webcam_image_calibration"": true}"
2026-08-21T03:09:45.628057+00:00,9d6086d3-5a1d-4e3d-b153-044b8b8948d4,3,71,128,microphone.wav,quiet,0.007816862314939499,-42.13935075148993,webcam,Webcam,fatigued,0.328,"{""focused"": 0.19, ""distracted"": 0.246, ""fatigued"": 0.328, ""overloaded"": 0.236}",fatigued,0.3216,"{""focused"": 0.184, ""distracted"": 0.24359999999999998, ""fatigued"": 0.3216, ""overloaded"": 0.2508}",Low,0.07079999999999997,5,5,True,2373,"{""keystroke"": true, ""text"": true, ""audio"": true, ""image"": true, ""webcam_image_calibration"": true}"
2026-08-21T03:09:51.064716+00:00,9d6086d3-5a1d-4e3d-b153-044b8b8948d4,3,71,128,microphone.wav,quiet,0.007816862314939499,-42.13935075148993,webcam,Webcam,fatigued,0.33,"{""focused"": 0.182, ""distracted"": 0.26, ""fatigued"": 0.33, ""overloaded"": 0.228}",fatigued,0.3224,"{""focused"": 0.18319999999999997, ""distracted"": 0.2488, ""fatigued"": 0.3224, ""overloaded"": 0.24559999999999998}",Low,0.07360000000000003,5,5,True,2373,"{""keystroke"": true, ""text"": true, ""audio"": true, ""image"": true, ""webcam_image_calibration"": true}"
2026-08-21T03:09:56.438905+00:00,9d6086d3-5a1d-4e3d-b153-044b8b8948d4,3,71,128,microphone.wav,quiet,0.007816862314939499,-42.13935075148993,webcam,Webcam,fatigued,0.326,"{""focused"": 0.184, ""distracted"": 0.268, ""fatigued"": 0.326, ""overloaded"": 0.222}",fatigued,0.32480000000000003,"{""focused"": 0.18359999999999999, ""distracted"": 0.2516, ""fatigued"": 0.32480000000000003, ""overloaded"": 0.24}",Low,0.07320000000000004,5,5,True,2373,"{""keystroke"": true, ""text"": true, ""audio"": true, ""image"": true, ""webcam_image_calibration"": true}"
2026-08-21T03:10:01.345391+00:00,9d6086d3-5a1d-4e3d-b153-044b8b8948d4,3,71,128,microphone.wav,quiet,0.007816862314939499,-42.13935075148993,webcam,Webcam,fatigued,0.33,"{""focused"": 0.176, ""distracted"": 0.256, ""fatigued"": 0.33, ""overloaded"": 0.238}",fatigued,0.328,"{""focused"": 0.18239999999999998, ""distracted"": 0.2544, ""fatigued"": 0.328, ""overloaded"": 0.2352}",Low,0.0736,5,5,True,2373,"{""keystroke"": true, ""text"": true, ""audio"": true, ""image"": true, ""webcam_image_calibration"": true}"
2026-08-21T03:10:06.268062+00:00,9d6086d3-5a1d-4e3d-b153-044b8b8948d4,3,71,128,microphone.wav,quiet,0.007816862314939499,-42.13935075148993,webcam,Webcam,fatigued,0.318,"{""focused"": 0.186, ""distracted"": 0.236, ""fatigued"": 0.318, ""overloaded"": 0.26}",fatigued,0.3264,"{""focused"": 0.18359999999999999, ""distracted"": 0.2532, ""fatigued"": 0.3264, ""overloaded"": 0.23679999999999998}",Low,0.07320000000000004,5,5,True,2373,"{""keystroke"": true, ""text"": true, ""audio"": true, ""image"": true, ""webcam_image_calibration"": true}"
2026-08-21T03:10:10.899802+00:00,9d6086d3-5a1d-4e3d-b153-044b8b8948d4,3,71,128,microphone.wav,quiet,0.007816862314939499,-42.13935075148993,webcam,Webcam,fatigued,0.324,"{""focused"": 0.178, ""distracted"": 0.248, ""fatigued"": 0.324, ""overloaded"": 0.25}",fatigued,0.3256,"{""focused"": 0.18119999999999997, ""distracted"": 0.2536, ""fatigued"": 0.3256, ""overloaded"": 0.23959999999999998}",Low,0.07200000000000001,5,5,True,2373,"{""keystroke"": true, ""text"": true, ""audio"": true, ""image"": true, ""webcam_image_calibration"": true}"
2026-08-21T03:10:14.772849+00:00,9d6086d3-5a1d-4e3d-b153-044b8b8948d4,3,71,128,microphone.wav,quiet,0.007816862314939499,-42.13935075148993,webcam,Webcam,fatigued,0.322,"{""focused"": 0.19, ""distracted"": 0.25, ""fatigued"": 0.322, ""overloaded"": 0.238}",fatigued,0.324,"{""focused"": 0.1828, ""distracted"": 0.2516, ""fatigued"": 0.324, ""overloaded"": 0.24159999999999998}",Low,0.07240000000000002,5,5,True,2373,"{""keystroke"": true, ""text"": true, ""audio"": true, ""image"": true, ""webcam_image_calibration"": true}"
2026-08-21T03:10:21.046003+00:00,9d6086d3-5a1d-4e3d-b153-044b8b8948d4,3,71,128,microphone.wav,quiet,0.007816862314939499,-42.13935075148993,webcam,Webcam,fatigued,0.322,"{""focused"": 0.17, ""distracted"": 0.27, ""fatigued"": 0.322, ""overloaded"": 0.238}",fatigued,0.32320000000000004,"{""focused"": 0.18, ""distracted"": 0.252, ""fatigued"": 0.32320000000000004, ""overloaded"": 0.2448}",Low,0.07120000000000004,5,5,True,2373,"{""keystroke"": true, ""text"": true, ""audio"": true, ""image"": true, ""webcam_image_calibration"": true}"
2026-08-21T03:10:24.757662+00:00,9d6086d3-5a1d-4e3d-b153-044b8b8948d4,3,71,128,microphone.wav,quiet,0.007816862314939499,-42.13935075148993,webcam,Webcam,fatigued,0.328,"{""focused"": 0.17, ""distracted"": 0.252, ""fatigued"": 0.328, ""overloaded"": 0.25}",fatigued,0.32280000000000003,"{""focused"": 0.17880000000000001, ""distracted"": 0.2512, ""fatigued"": 0.32280000000000003, ""overloaded"": 0.2472}",Low,0.07160000000000005,5,5,True,2373,"{""keystroke"": true, ""text"": true, ""audio"": true, ""image"": true, ""webcam_image_calibration"": true}"
2026-08-21T03:10:31.822367+00:00,9d6086d3-5a1d-4e3d-b153-044b8b8948d4,3,71,128,microphone.wav,quiet,0.007816862314939499,-42.13935075148993,webcam,Webcam,fatigued,0.322,"{""focused"": 0.172, ""distracted"": 0.262, ""fatigued"": 0.322, ""overloaded"": 0.244}",fatigued,0.3236,"{""focused"": 0.176, ""distracted"": 0.2564, ""fatigued"": 0.3236, ""overloaded"": 0.244}",Low,0.06719999999999998,5,5,True,2373,"{""keystroke"": true, ""text"": true, ""audio"": true, ""image"": true, ""webcam_image_calibration"": true}"
2026-08-21T03:10:38.752099+00:00,9d6086d3-5a1d-4e3d-b153-044b8b8948d4,3,71,128,microphone.wav,quiet,0.007816862314939499,-42.13935075148993,webcam,Webcam,fatigued,0.322,"{""focused"": 0.178, ""distracted"": 0.252, ""fatigued"": 0.322, ""overloaded"": 0.248}",fatigued,0.32320000000000004,"{""focused"": 0.176, ""distracted"": 0.2572, ""fatigued"": 0.32320000000000004, ""overloaded"": 0.24359999999999998}",Low,0.06600000000000006,5,5,True,2373,"{""keystroke"": true, ""text"": true, ""audio"": true, ""image"": true, ""webcam_image_calibration"": true}"
2026-08-21T03:10:43.769042+00:00,9d6086d3-5a1d-4e3d-b153-044b8b8948d4,3,71,128,microphone.wav,quiet,0.007816862314939499,-42.13935075148993,webcam,Webcam,fatigued,0.318,"{""focused"": 0.184, ""distracted"": 0.264, ""fatigued"": 0.318, ""overloaded"": 0.234}",fatigued,0.3224,"{""focused"": 0.1748, ""distracted"": 0.26, ""fatigued"": 0.3224, ""overloaded"": 0.2428}",Low,0.06240000000000001,5,5,True,2373,"{""keystroke"": true, ""text"": true, ""audio"": true, ""image"": true, ""webcam_image_calibration"": true}"
2026-08-21T03:10:48.880247+00:00,9d6086d3-5a1d-4e3d-b153-044b8b8948d4,3,71,128,microphone.wav,quiet,0.007816862314939499,-42.13935075148993,webcam,Webcam,fatigued,0.318,"{""focused"": 0.19, ""distracted"": 0.254, ""fatigued"": 0.318, ""overloaded"": 0.238}",fatigued,0.3216,"{""focused"": 0.17880000000000001, ""distracted"": 0.25680000000000003, ""fatigued"": 0.3216, ""overloaded"": 0.2428}",Low,0.06479999999999997,5,5,True,2373,"{""keystroke"": true, ""text"": true, ""audio"": true, ""image"": true, ""webcam_image_calibration"": true}"
2026-08-21T03:10:54.046461+00:00,9d6086d3-5a1d-4e3d-b153-044b8b8948d4,3,71,128,microphone.wav,quiet,0.007816862314939499,-42.13935075148993,webcam,Webcam,fatigued,0.33,"{""focused"": 0.184, ""distracted"": 0.248, ""fatigued"": 0.33, ""overloaded"": 0.238}",fatigued,0.322,"{""focused"": 0.18159999999999998, ""distracted"": 0.256, ""fatigued"": 0.322, ""overloaded"": 0.2404}",Low,0.066,5,5,True,2373,"{""keystroke"": true, ""text"": true, ""audio"": true, ""image"": true, ""webcam_image_calibration"": true}"
2026-08-21T03:10:58.181384+00:00,9d6086d3-5a1d-4e3d-b153-044b8b8948d4,3,71,128,microphone.wav,quiet,0.007816862314939499,-42.13935075148993,webcam,Webcam,fatigued,0.326,"{""focused"": 0.178, ""distracted"": 0.24, ""fatigued"": 0.326, ""overloaded"": 0.256}",fatigued,0.32280000000000003,"{""focused"": 0.1828, ""distracted"": 0.2516, ""fatigued"": 0.32280000000000003, ""overloaded"": 0.2428}",Low,0.07120000000000004,5,5,True,2373,"{""keystroke"": true, ""text"": true, ""audio"": true, ""image"": true, ""webcam_image_calibration"": true}"
2026-08-21T03:11:02.489282+00:00,9d6086d3-5a1d-4e3d-b153-044b8b8948d4,3,71,128,microphone.wav,quiet,0.007816862314939499,-42.13935075148993,webcam,Webcam,fatigued,0.33,"{""focused"": 0.18, ""distracted"": 0.248, ""fatigued"": 0.33, ""overloaded"": 0.242}",fatigued,0.3244,"{""focused"": 0.18319999999999997, ""distracted"": 0.2508, ""fatigued"": 0.3244, ""overloaded"": 0.24159999999999998}",Low,0.0736,5,5,True,2373,"{""keystroke"": true, ""text"": true, ""audio"": true, ""image"": true, ""webcam_image_calibration"": true}"
2026-08-21T03:11:07.105345+00:00,9d6086d3-5a1d-4e3d-b153-044b8b8948d4,3,71,128,microphone.wav,quiet,0.007816862314939499,-42.13935075148993,webcam,Webcam,fatigued,0.328,"{""focused"": 0.17, ""distracted"": 0.248, ""fatigued"": 0.328, ""overloaded"": 0.254}",fatigued,0.3264,"{""focused"": 0.1804, ""distracted"": 0.2476, ""fatigued"": 0.3264, ""overloaded"": 0.24559999999999998}",Low,0.07880000000000004,5,5,True,2373,"{""keystroke"": true, ""text"": true, ""audio"": true, ""image"": true, ""webcam_image_calibration"": true}"
2026-08-21T03:11:14.989068+00:00,9d6086d3-5a1d-4e3d-b153-044b8b8948d4,3,71,128,microphone.wav,quiet,0.007816862314939499,-42.13935075148993,webcam,Webcam,fatigued,0.324,"{""focused"": 0.176, ""distracted"": 0.252, ""fatigued"": 0.324, ""overloaded"": 0.248}",fatigued,0.3276,"{""focused"": 0.1776, ""distracted"": 0.2472, ""fatigued"": 0.3276, ""overloaded"": 0.2476}",Low,0.08000000000000002,5,5,True,2373,"{""keystroke"": true, ""text"": true, ""audio"": true, ""image"": true, ""webcam_image_calibration"": true}"
2026-08-21T03:11:22.198269+00:00,9d6086d3-5a1d-4e3d-b153-044b8b8948d4,3,71,128,microphone.wav,quiet,0.007816862314939499,-42.13935075148993,webcam,Webcam,fatigued,0.328,"{""focused"": 0.18, ""distracted"": 0.25, ""fatigued"": 0.328, ""overloaded"": 0.242}",fatigued,0.32720000000000005,"{""focused"": 0.1768, ""distracted"": 0.2476, ""fatigued"": 0.32720000000000005, ""overloaded"": 0.2484}",Low,0.07880000000000004,5,5,True,2373,"{""keystroke"": true, ""text"": true, ""audio"": true, ""image"": true, ""webcam_image_calibration"": true}"
2026-08-21T03:11:29.919495+00:00,9d6086d3-5a1d-4e3d-b153-044b8b8948d4,3,71,128,microphone.wav,quiet,0.007816862314939499,-42.13935075148993,webcam,Webcam,fatigued,0.33,"{""focused"": 0.176, ""distracted"": 0.248, ""fatigued"": 0.33, ""overloaded"": 0.246}",fatigued,0.328,"{""focused"": 0.1764, ""distracted"": 0.2492, ""fatigued"": 0.328, ""overloaded"": 0.2464}",Low,0.07880000000000001,5,5,True,2373,"{""keystroke"": true, ""text"": true, ""audio"": true, ""image"": true, ""webcam_image_calibration"": true}"
2026-08-21T03:11:36.988102+00:00,9d6086d3-5a1d-4e3d-b153-044b8b8948d4,3,71,128,microphone.wav,quiet,0.007816862314939499,-42.13935075148993,webcam,Webcam,fatigued,0.332,"{""focused"": 0.176, ""distracted"": 0.264, ""fatigued"": 0.332, ""overloaded"": 0.228}",fatigued,0.3284,"{""focused"": 0.1756, ""distracted"": 0.2524, ""fatigued"": 0.3284, ""overloaded"": 0.24359999999999998}",Low,0.07600000000000001,5,5,True,2373,"{""keystroke"": true, ""text"": true, ""audio"": true, ""image"": true, ""webcam_image_calibration"": true}"
