timestamp,keydown_count,text_length,current_state,confidence,confidence_level,second_class,second_probability,confidence_gap,probabilities_json
2026-08-03T20:55:39,43,42,focused,0.9568354282733429,High,fatigued,0.03942480241162469,0.9174106258617182,"{""distracted"": 0.003739769315032284, ""fatigued"": 0.03942480241162469, ""focused"": 0.9568354282733429, ""overloaded"": 0.0}"
2026-08-03T20:56:00,49,49,focused,0.6358709671408374,Medium,fatigued,0.32741153044104904,0.3084594366997883,"{""distracted"": 0.01064009819760449, ""fatigued"": 0.32741153044104904, ""focused"": 0.6358709671408374, ""overloaded"": 0.02607740422050937}"
2026-08-03T20:56:14,65,44,focused,0.7391484353113466,High,distracted,0.1247039111248429,0.6144445241865036,"{""distracted"": 0.1247039111248429, ""fatigued"": 0.0769267919857341, ""focused"": 0.7391484353113466, ""overloaded"": 0.05922086157807644}"
2026-08-03T20:56:40,127,45,focused,0.4597491228345449,Low,distracted,0.4228573966961057,0.03689172613843916,"{""distracted"": 0.4228573966961057, ""fatigued"": 0.06323910028393404, ""focused"": 0.4597491228345449, ""overloaded"": 0.05415438018541501}"
2026-08-03T21:20:26,35,35,focused,0.43481195023490404,Low,distracted,0.3073755024448631,0.12743644779004093,"{""distracted"": 0.3073755024448631, ""fatigued"": 0.1370249740841861, ""focused"": 0.43481195023490404, ""overloaded"": 0.1207875732360461}"
2026-08-03T21:42:53,38,37,focused,0.6795537718810201,High,fatigued,0.2720307625146206,0.40752300936639946,False,3,0.13043478260869565,"{""distracted"": 0.021589185417298082, ""fatigued"": 0.2720307625146206, ""focused"": 0.6795537718810201, ""overloaded"": 0.02682628018706092}","{""dwell_mean_ms"": 135.59566052802103, ""dwell_std_ms"": 22.155503916208687, ""dwell_median_ms"": 129.46585001191124, ""dwell_min_ms"": 103.4417999908328, ""dwell_max_ms"": 198.4330000123009, ""dd_mean_ms"": 477.72798378247063, ""dd_std_ms"": 67.81899091389455, ""dd_median_ms"": 469.6785999694839, ""dd_min_ms"": 385.0883999839425, ""dd_max_ms"": 680.2948000840843, ""ud_mean_ms"": 343.02531351096223, ""ud_std_ms"": 77.39633616180782, ""ud_median_ms"": 328.0961000127718, ""ud_min_ms"": 217.21539995633066, ""ud_max_ms"": 576.8530000932515, ""typing_speed_kps"": 2.093241413413499, ""pause_ratio_500"": 0.2972972972972973, ""pause_ratio_1000"": 0.0, ""pause_ratio_2000"": 0.0, ""correction_ratio"": 0.0, ""space_ratio"": 0.18421052631578946, ""rhythm_cv"": 0.1419615203968779, ""overlap_ratio"": 0.0}"
2026-08-03T21:43:57,20,20,distracted,0.7401970374291404,High,focused,0.16846916029476006,0.5717278771343803,True,10,0.43478260869565216,"{""distracted"": 0.7401970374291404, ""fatigued"": 0.06506491894593773, ""focused"": 0.16846916029476006, ""overloaded"": 0.02626888333016199}","{""dwell_mean_ms"": 143.6266050033737, ""dwell_std_ms"": 45.450375038396416, ""dwell_median_ms"": 145.36940003745258, ""dwell_min_ms"": 79.87280003726482, ""dwell_max_ms"": 220.2107000630349, ""dd_mean_ms"": 1397.2955631570105, ""dd_std_ms"": 1291.419517897068, ""dd_median_ms"": 1068.700100062415, ""dd_min_ms"": 205.05809993483126, ""dd_max_ms"": 5307.213600026444, ""ud_mean_ms"": 1257.545278940693, ""ud_std_ms"": 1277.3590370178595, ""ud_median_ms"": 848.4893999993801, ""ud_min_ms"": 125.18529989756644, ""ud_max_ms"": 5137.93229998555, ""typing_speed_kps"": 0.7156681996045475, ""pause_ratio_500"": 0.6842105263157895, ""pause_ratio_1000"": 0.5263157894736842, ""pause_ratio_2000"": 0.2631578947368421, ""correction_ratio"": 0.0, ""space_ratio"": 0.25, ""rhythm_cv"": 0.9242278813075674, ""overlap_ratio"": 0.0}"
2026-08-03T21:44:55,28,28,distracted,0.7402908468700681,High,focused,0.18913685277725348,0.5511539940928146,True,12,0.5217391304347826,"{""distracted"": 0.7402908468700681, ""fatigued"": 0.031895115540010496, ""focused"": 0.18913685277725348, ""overloaded"": 0.03867718481266808}","{""dwell_mean_ms"": 178.25686785259418, ""dwell_std_ms"": 30.92813507636921, ""dwell_median_ms"": 175.18689995631576, ""dwell_min_ms"": 127.41970003116876, ""dwell_max_ms"": 274.97010002844036, ""dd_mean_ms"": 1324.592829625881, ""dd_std_ms"": 981.596497705441, ""dd_median_ms"": 915.3035000199452, ""dd_min_ms"": 726.602099952288, ""dd_max_ms"": 4287.268999963999, ""ud_mean_ms"": 1149.9179333353552, ""ud_std_ms"": 973.5166238433101, ""ud_median_ms"": 768.6337999766693, ""ud_min_ms"": 541.9787999708205, ""ud_max_ms"": 4112.697800039314, ""typing_speed_kps"": 0.7549489757410515, ""pause_ratio_500"": 1.0, ""pause_ratio_1000"": 0.37037037037037035, ""pause_ratio_2000"": 0.14814814814814814, ""correction_ratio"": 0.0, ""space_ratio"": 0.17857142857142858, ""rhythm_cv"": 0.7410552705337261, ""overlap_ratio"": 0.0}"
2026-08-03T21:44:57,28,28,distracted,0.7402908468700681,High,focused,0.18913685277725348,0.5511539940928146,True,12,0.5217391304347826,"{""distracted"": 0.7402908468700681, ""fatigued"": 0.031895115540010496, ""focused"": 0.18913685277725348, ""overloaded"": 0.03867718481266808}","{""dwell_mean_ms"": 178.25686785259418, ""dwell_std_ms"": 30.92813507636921, ""dwell_median_ms"": 175.18689995631576, ""dwell_min_ms"": 127.41970003116876, ""dwell_max_ms"": 274.97010002844036, ""dd_mean_ms"": 1324.592829625881, ""dd_std_ms"": 981.596497705441, ""dd_median_ms"": 915.3035000199452, ""dd_min_ms"": 726.602099952288, ""dd_max_ms"": 4287.268999963999, ""ud_mean_ms"": 1149.9179333353552, ""ud_std_ms"": 973.5166238433101, ""ud_median_ms"": 768.6337999766693, ""ud_min_ms"": 541.9787999708205, ""ud_max_ms"": 4112.697800039314, ""typing_speed_kps"": 0.7549489757410515, ""pause_ratio_500"": 1.0, ""pause_ratio_1000"": 0.37037037037037035, ""pause_ratio_2000"": 0.14814814814814814, ""correction_ratio"": 0.0, ""space_ratio"": 0.17857142857142858, ""rhythm_cv"": 0.7410552705337261, ""overlap_ratio"": 0.0}"
2026-08-03T21:44:57,28,28,distracted,0.7402908468700681,High,focused,0.18913685277725345,0.5511539940928146,True,12,0.5217391304347826,"{""distracted"": 0.7402908468700681, ""fatigued"": 0.031895115540010496, ""focused"": 0.18913685277725345, ""overloaded"": 0.03867718481266808}","{""dwell_mean_ms"": 178.25686785259418, ""dwell_std_ms"": 30.92813507636921, ""dwell_median_ms"": 175.18689995631576, ""dwell_min_ms"": 127.41970003116876, ""dwell_max_ms"": 274.97010002844036, ""dd_mean_ms"": 1324.592829625881, ""dd_std_ms"": 981.596497705441, ""dd_median_ms"": 915.3035000199452, ""dd_min_ms"": 726.602099952288, ""dd_max_ms"": 4287.268999963999, ""ud_mean_ms"": 1149.9179333353552, ""ud_std_ms"": 973.5166238433101, ""ud_median_ms"": 768.6337999766693, ""ud_min_ms"": 541.9787999708205, ""ud_max_ms"": 4112.697800039314, ""typing_speed_kps"": 0.7549489757410515, ""pause_ratio_500"": 1.0, ""pause_ratio_1000"": 0.37037037037037035, ""pause_ratio_2000"": 0.14814814814814814, ""correction_ratio"": 0.0, ""space_ratio"": 0.17857142857142858, ""rhythm_cv"": 0.7410552705337261, ""overlap_ratio"": 0.0}"
2026-08-03T21:45:21,139,41,distracted,0.56756516136491,Medium,focused,0.3115399143123361,0.2560252470525739,False,3,0.13043478260869565,"{""distracted"": 0.56756516136491, ""fatigued"": 0.03820331337501262, ""focused"": 0.3115399143123361, ""overloaded"": 0.08269161094774144}","{""dwell_mean_ms"": 83.23973597851482, ""dwell_std_ms"": 56.274284228838624, ""dwell_median_ms"": 72.63930002227426, ""dwell_min_ms"": 21.185799967497587, ""dwell_max_ms"": 493.61809995025396, ""dd_mean_ms"": 147.92516086996275, ""dd_std_ms"": 214.62988741154328, ""dd_median_ms"": 108.60815003979951, ""dd_min_ms"": 8.205999969504774, ""dd_max_ms"": 2188.2378000300378, ""ud_mean_ms"": 64.87542752891886, ""ud_std_ms"": 223.67601837930997, ""ud_median_ms"": 52.43154993513599, ""ud_min_ms"": -396.8726999592036, ""ud_max_ms"": 2114.068099996075, ""typing_speed_kps"": 6.760175173167968, ""pause_ratio_500"": 0.014492753623188406, ""pause_ratio_1000"": 0.014492753623188406, ""pause_ratio_2000"": 0.007246376811594203, ""correction_ratio"": 0.34532374100719426, ""space_ratio"": 0.08633093525179857, ""rhythm_cv"": 1.450935636299351, ""overlap_ratio"": 0.30434782608695654}"
2026-08-03T21:45:52,157,45,focused,0.45630449463561656,Low,distracted,0.39690351221770315,0.05940098241791342,False,4,0.17391304347826086,"{""distracted"": 0.39690351221770315, ""fatigued"": 0.057017779277987346, ""focused"": 0.45630449463561656, ""overloaded"": 0.08977421386869291}","{""dwell_mean_ms"": 114.08980510043348, ""dwell_std_ms"": 215.74265821411714, ""dwell_median_ms"": 78.95849994383752, ""dwell_min_ms"": 10.374999954365194, ""dwell_max_ms"": 1997.5566000211984, ""dd_mean_ms"": 158.191391025843, ""dd_std_ms"": 202.71756270354084, ""dd_median_ms"": 108.81870001321658, ""dd_min_ms"": 15.870000002905726, ""dd_max_ms"": 2162.455299985595, ""ud_mean_ms"": 44.03594743090276, ""ud_std_ms"": 185.97134096606231, ""ud_median_ms"": 50.90135004138574, ""ud_min_ms"": -1529.4550000689924, ""ud_max_ms"": 894.7477999608964, ""typing_speed_kps"": 6.32145651868397, ""pause_ratio_500"": 0.02564102564102564, ""pause_ratio_1000"": 0.00641025641025641, ""pause_ratio_2000"": 0.00641025641025641, ""correction_ratio"": 0.21019108280254778, ""space_ratio"": 0.08280254777070063, ""rhythm_cv"": 1.2814702582040245, ""overlap_ratio"": 0.2564102564102564}"
2026-08-03T21:46:15,81,22,focused,0.5372384998175291,Medium,distracted,0.3273679075133777,0.20987059230415145,False,4,0.17391304347826086,"{""distracted"": 0.3273679075133777, ""fatigued"": 0.06281651670510022, ""focused"": 0.5372384998175291, ""overloaded"": 0.07257707596399313}","{""dwell_mean_ms"": 107.71790370460094, ""dwell_std_ms"": 156.83542281553915, ""dwell_median_ms"": 71.92050002049655, ""dwell_min_ms"": 18.50400003604591, ""dwell_max_ms"": 1107.997399987653, ""dd_mean_ms"": 197.07336124993162, ""dd_std_ms"": 162.19775501242043, ""dd_median_ms"": 147.99795002909377, ""dd_min_ms"": 39.58420001436025, ""dd_max_ms"": 812.0261000003666, ""ud_mean_ms"": 89.2419149982743, ""ud_std_ms"": 233.81856657999572, ""ud_median_ms"": 70.36295009311289, ""ud_min_ms"": -1042.7472000010312, ""ud_max_ms"": 756.1451999936253, ""typing_speed_kps"": 5.074252520267231, ""pause_ratio_500"": 0.0625, ""pause_ratio_1000"": 0.0, ""pause_ratio_2000"": 0.0, ""correction_ratio"": 0.3333333333333333, ""space_ratio"": 0.13580246913580246, ""rhythm_cv"": 0.8230323671534613, ""overlap_ratio"": 0.1}"
