dataset_source,participant_id,session_id,sample_id,source_type,label,label_origin,original_label,predicted_label,prediction_correct,prob_focused,prob_distracted,prob_fatigued,prob_overloaded
sensefuzeai,sensefuzeai_P001,distracted_20260612_190732_e3c333a4,sensefuzeai_distracted_20260612_190732_e3c333a4_window_000,guided_multimodal_session,distracted,sensefuzeai_collected_behaviour_label,distracted,focused,False,0.7973722104277337,0.09212447421768583,0.042215774108319316,0.06828754124626109
sensefuzeai,sensefuzeai_P001,distracted_20260612_190732_e3c333a4,sensefuzeai_distracted_20260612_190732_e3c333a4_window_001,guided_multimodal_session,distracted,sensefuzeai_collected_behaviour_label,distracted,focused,False,0.4382943039617296,0.32817405733783245,0.12221084379937398,0.11132079490106407
sensefuzeai,sensefuzeai_P001,distracted_20260612_194252_64ab3128,sensefuzeai_distracted_20260612_194252_64ab3128_window_000,guided_multimodal_session,distracted,sensefuzeai_collected_behaviour_label,distracted,distracted,True,0.3077327376432997,0.5054075096472624,0.07138970671963872,0.11547004598979921
sensefuzeai,sensefuzeai_P001,distracted_20260612_194252_64ab3128,sensefuzeai_distracted_20260612_194252_64ab3128_window_001,guided_multimodal_session,distracted,sensefuzeai_collected_behaviour_label,distracted,distracted,True,0.11256883328696807,0.5325628503376761,0.15719798988872202,0.19767032648663377
sensefuzeai,sensefuzeai_P001,distracted_20260612_204712_06015557,sensefuzeai_distracted_20260612_204712_06015557_window_000,guided_multimodal_session,distracted,sensefuzeai_collected_behaviour_label,distracted,distracted,True,0.08561766983751769,0.6512583687553772,0.1427874267063744,0.12033653470073057
sensefuzeai,sensefuzeai_P001,distracted_20260612_204712_06015557,sensefuzeai_distracted_20260612_204712_06015557_window_001,guided_multimodal_session,distracted,sensefuzeai_collected_behaviour_label,distracted,distracted,True,0.07093945037939366,0.6208481156251482,0.19400673831413304,0.11420569568132508
sensefuzeai,sensefuzeai_P001,distracted_20260612_210210_9bcf270d,sensefuzeai_distracted_20260612_210210_9bcf270d_window_000,guided_multimodal_session,distracted,sensefuzeai_collected_behaviour_label,distracted,distracted,True,0.08756500679311001,0.5860846975867293,0.17138540240381175,0.15496489321634893
sensefuzeai,sensefuzeai_P001,distracted_20260612_210210_9bcf270d,sensefuzeai_distracted_20260612_210210_9bcf270d_window_001,guided_multimodal_session,distracted,sensefuzeai_collected_behaviour_label,distracted,focused,False,0.85083062497901,0.004593818808564468,0.11042396827526248,0.03415158793716311
sensefuzeai,sensefuzeai_P001,distracted_20260612_210405_5a8bbbf6,sensefuzeai_distracted_20260612_210405_5a8bbbf6_window_000,guided_multimodal_session,distracted,sensefuzeai_collected_behaviour_label,distracted,distracted,True,0.2946035141900368,0.46795654612959436,0.06800924746712417,0.16943069221324475
sensefuzeai,sensefuzeai_P001,distracted_20260612_210405_5a8bbbf6,sensefuzeai_distracted_20260612_210405_5a8bbbf6_window_001,guided_multimodal_session,distracted,sensefuzeai_collected_behaviour_label,distracted,distracted,True,0.19484960936242152,0.5991225929655638,0.08307351397186111,0.12295428370015349
sensefuzeai,sensefuzeai_P001,distracted_20260612_210723_b3cf9593,sensefuzeai_distracted_20260612_210723_b3cf9593_window_000,guided_multimodal_session,distracted,sensefuzeai_collected_behaviour_label,distracted,distracted,True,0.24694545228237813,0.5857275958181369,0.07143702637823826,0.09588992552124673
sensefuzeai,sensefuzeai_P001,distracted_20260612_210723_b3cf9593,sensefuzeai_distracted_20260612_210723_b3cf9593_window_001,guided_multimodal_session,distracted,sensefuzeai_collected_behaviour_label,distracted,distracted,True,0.06477000303382965,0.648113609916934,0.1354449634650665,0.15167142358416985
sensefuzeai,sensefuzeai_P001,distracted_20260612_213249_9999d361,sensefuzeai_distracted_20260612_213249_9999d361_window_000,guided_multimodal_session,distracted,sensefuzeai_collected_behaviour_label,distracted,distracted,True,0.05109919596427141,0.6840888130512758,0.15834853539310711,0.10646345559134564
sensefuzeai,sensefuzeai_P001,distracted_20260612_213249_9999d361,sensefuzeai_distracted_20260612_213249_9999d361_window_001,guided_multimodal_session,distracted,sensefuzeai_collected_behaviour_label,distracted,distracted,True,0.21856077454529113,0.5328977245996077,0.1357785743621436,0.11276292649295772
sensefuzeai,sensefuzeai_P001,distracted_20260612_214126_b6410261,sensefuzeai_distracted_20260612_214126_b6410261_window_000,guided_multimodal_session,distracted,sensefuzeai_collected_behaviour_label,distracted,distracted,True,0.13260138281047779,0.5098063836119402,0.2208209864509204,0.1367712471266617
sensefuzeai,sensefuzeai_P001,distracted_20260612_214126_b6410261,sensefuzeai_distracted_20260612_214126_b6410261_window_001,guided_multimodal_session,distracted,sensefuzeai_collected_behaviour_label,distracted,distracted,True,0.28531017180855495,0.41249968268458626,0.09909602411455162,0.2030941213923072
sensefuzeai,sensefuzeai_P001,distracted_20260612_215501_58efe950,sensefuzeai_distracted_20260612_215501_58efe950_window_000,guided_multimodal_session,distracted,sensefuzeai_collected_behaviour_label,distracted,distracted,True,0.31918357840585326,0.4572425805778486,0.06619538538913954,0.15737845562715858
sensefuzeai,sensefuzeai_P001,distracted_20260612_215501_58efe950,sensefuzeai_distracted_20260612_215501_58efe950_window_001,guided_multimodal_session,distracted,sensefuzeai_collected_behaviour_label,distracted,focused,False,0.8887507652782853,0.0032426172953480235,0.08317100442838031,0.024835612997986343
sensefuzeai,sensefuzeai_P001,distracted_20260612_220436_7ec9bdf5,sensefuzeai_distracted_20260612_220436_7ec9bdf5_window_000,guided_multimodal_session,distracted,sensefuzeai_collected_behaviour_label,distracted,distracted,True,0.24961656799048848,0.4620702570181612,0.14708205123892523,0.1412311237524251
sensefuzeai,sensefuzeai_P001,distracted_20260612_220436_7ec9bdf5,sensefuzeai_distracted_20260612_220436_7ec9bdf5_window_001,guided_multimodal_session,distracted,sensefuzeai_collected_behaviour_label,distracted,distracted,True,0.18342747787053257,0.6137563309966991,0.08732688265811285,0.1154893084746553
sensefuzeai,sensefuzeai_P001,fatigued_20260610_212858_e9218809,sensefuzeai_fatigued_20260610_212858_e9218809_window_000,guided_multimodal_session,fatigued,sensefuzeai_collected_behaviour_label,fatigued,focused,False,0.3940107311565238,0.30049975578338056,0.2703265199303664,0.035162993129729404
sensefuzeai,sensefuzeai_P001,fatigued_20260610_212858_e9218809,sensefuzeai_fatigued_20260610_212858_e9218809_window_001,guided_multimodal_session,fatigued,sensefuzeai_collected_behaviour_label,fatigued,distracted,False,0.1513568850155143,0.6924854282266465,0.06439261181032184,0.09176507494751741
sensefuzeai,sensefuzeai_P001,fatigued_20260610_213129_cb2ac39d,sensefuzeai_fatigued_20260610_213129_cb2ac39d_window_000,guided_multimodal_session,fatigued,sensefuzeai_collected_behaviour_label,fatigued,focused,False,0.45849929364976305,0.24553938416881443,0.26418163715431014,0.031779685027112335
sensefuzeai,sensefuzeai_P001,fatigued_20260610_213129_cb2ac39d,sensefuzeai_fatigued_20260610_213129_cb2ac39d_window_001,guided_multimodal_session,fatigued,sensefuzeai_collected_behaviour_label,fatigued,focused,False,0.7251795994612311,0.033603645357343,0.1893753380522882,0.05184141712913772
sensefuzeai,sensefuzeai_P001,fatigued_20260610_213512_b302cd95,sensefuzeai_fatigued_20260610_213512_b302cd95_window_000,guided_multimodal_session,fatigued,sensefuzeai_collected_behaviour_label,fatigued,distracted,False,0.2286507139948299,0.4825957737258335,0.23480650816251183,0.05394700411682478
sensefuzeai,sensefuzeai_P001,fatigued_20260610_213512_b302cd95,sensefuzeai_fatigued_20260610_213512_b302cd95_window_001,guided_multimodal_session,fatigued,sensefuzeai_collected_behaviour_label,fatigued,focused,False,0.7203391079826614,0.037713140748049385,0.19544617072099613,0.0465015805482931
sensefuzeai,sensefuzeai_P001,fatigued_20260610_214647_61fd5204,sensefuzeai_fatigued_20260610_214647_61fd5204_window_000,guided_multimodal_session,fatigued,sensefuzeai_collected_behaviour_label,fatigued,distracted,False,0.27979141336295293,0.5303462003311067,0.15774010941236818,0.03212227689357232
sensefuzeai,sensefuzeai_P001,fatigued_20260610_215438_0c2f3683,sensefuzeai_fatigued_20260610_215438_0c2f3683_window_000,guided_multimodal_session,fatigued,sensefuzeai_collected_behaviour_label,fatigued,focused,False,0.4559148410654559,0.3546708341753575,0.1563706483155848,0.033043676443601885
sensefuzeai,sensefuzeai_P001,fatigued_20260610_215438_0c2f3683,sensefuzeai_fatigued_20260610_215438_0c2f3683_window_001,guided_multimodal_session,fatigued,sensefuzeai_collected_behaviour_label,fatigued,focused,False,0.7984404931427042,0.04465342241128729,0.14609830945526486,0.010807774990743502
sensefuzeai,sensefuzeai_P001,fatigued_20260610_220440_eb4e6c5d,sensefuzeai_fatigued_20260610_220440_eb4e6c5d_window_000,guided_multimodal_session,fatigued,sensefuzeai_collected_behaviour_label,fatigued,focused,False,0.47424282713103727,0.006110013004818508,0.4643466241470256,0.0553005357171187
sensefuzeai,sensefuzeai_P001,fatigued_20260610_220440_eb4e6c5d,sensefuzeai_fatigued_20260610_220440_eb4e6c5d_window_001,guided_multimodal_session,fatigued,sensefuzeai_collected_behaviour_label,fatigued,distracted,False,0.18569012485564781,0.692277594981483,0.10328583722407556,0.018746442938793573
sensefuzeai,sensefuzeai_P001,fatigued_20260610_220925_cc9306ab,sensefuzeai_fatigued_20260610_220925_cc9306ab_window_000,guided_multimodal_session,fatigued,sensefuzeai_collected_behaviour_label,fatigued,distracted,False,0.3412058943141155,0.46895927885896854,0.17268033325177978,0.017154493575136077
sensefuzeai,sensefuzeai_P001,fatigued_20260610_222158_2f6dd9ce,sensefuzeai_fatigued_20260610_222158_2f6dd9ce_window_000,guided_multimodal_session,fatigued,sensefuzeai_collected_behaviour_label,fatigued,distracted,False,0.1512766505761068,0.6784431381349907,0.13064741519414297,0.03963279609475945
sensefuzeai,sensefuzeai_P001,fatigued_20260610_223351_a755bb80,sensefuzeai_fatigued_20260610_223351_a755bb80_window_000,guided_multimodal_session,fatigued,sensefuzeai_collected_behaviour_label,fatigued,focused,False,0.5790816950335433,0.01254951228503467,0.37320514007023375,0.03516365261118828
sensefuzeai,sensefuzeai_P001,fatigued_20260610_223351_a755bb80,sensefuzeai_fatigued_20260610_223351_a755bb80_window_001,guided_multimodal_session,fatigued,sensefuzeai_collected_behaviour_label,fatigued,focused,False,0.6931834107108219,0.0454495330037936,0.20906622742986017,0.05230082885552438
sensefuzeai,sensefuzeai_P001,fatigued_20260611_004029_53780631,sensefuzeai_fatigued_20260611_004029_53780631_window_000,guided_multimodal_session,fatigued,sensefuzeai_collected_behaviour_label,fatigued,distracted,False,0.15380987088745976,0.6668684682828495,0.1625829732724575,0.01673868755723308
sensefuzeai,sensefuzeai_P001,fatigued_20260611_045749_9309f7c9,sensefuzeai_fatigued_20260611_045749_9309f7c9_window_000,guided_multimodal_session,fatigued,sensefuzeai_collected_behaviour_label,fatigued,distracted,False,0.40086663269450123,0.4030851020238034,0.17475231005708491,0.02129595522461053
sensefuzeai,sensefuzeai_P001,fatigued_20260611_045749_9309f7c9,sensefuzeai_fatigued_20260611_045749_9309f7c9_window_001,guided_multimodal_session,fatigued,sensefuzeai_collected_behaviour_label,fatigued,distracted,False,0.2528128292246653,0.6291782459088157,0.05059961436263218,0.06740931050388697
sensefuzeai,sensefuzeai_P001,fatigued_20260611_083525_5d35bb3e,sensefuzeai_fatigued_20260611_083525_5d35bb3e_window_000,guided_multimodal_session,fatigued,sensefuzeai_collected_behaviour_label,fatigued,distracted,False,0.2062670920269719,0.6389269395700143,0.09538190318736374,0.05942406521565008
sensefuzeai,sensefuzeai_P001,fatigued_20260611_083525_5d35bb3e,sensefuzeai_fatigued_20260611_083525_5d35bb3e_window_001,guided_multimodal_session,fatigued,sensefuzeai_collected_behaviour_label,fatigued,distracted,False,0.2648285065212181,0.646595902638323,0.041893468409047,0.04668212243141196
sensefuzeai,sensefuzeai_P001,fatigued_20260611_123424_2c9769b1,sensefuzeai_fatigued_20260611_123424_2c9769b1_window_000,guided_multimodal_session,fatigued,sensefuzeai_collected_behaviour_label,fatigued,distracted,False,0.14711404828646452,0.794138233014753,0.045327943782828055,0.013419774915954533
sensefuzeai,sensefuzeai_P001,fatigued_20260611_131828_e141e167,sensefuzeai_fatigued_20260611_131828_e141e167_window_000,guided_multimodal_session,fatigued,sensefuzeai_collected_behaviour_label,fatigued,distracted,False,0.19338383689486285,0.7303485542587763,0.059432438564140544,0.016835170282220285
sensefuzeai,sensefuzeai_P001,fatigued_20260611_131828_e141e167,sensefuzeai_fatigued_20260611_131828_e141e167_window_001,guided_multimodal_session,fatigued,sensefuzeai_collected_behaviour_label,fatigued,focused,False,0.7703392155158829,0.06738940990570369,0.13985043329747027,0.0224209412809432
sensefuzeai,sensefuzeai_P001,fatigued_20260611_140241_c660740d,sensefuzeai_fatigued_20260611_140241_c660740d_window_000,guided_multimodal_session,fatigued,sensefuzeai_collected_behaviour_label,fatigued,distracted,False,0.2541611323927993,0.6370753938559467,0.08187780561221106,0.026885668139043004
sensefuzeai,sensefuzeai_P001,fatigued_20260611_140241_c660740d,sensefuzeai_fatigued_20260611_140241_c660740d_window_001,guided_multimodal_session,fatigued,sensefuzeai_collected_behaviour_label,fatigued,distracted,False,0.2795665289122807,0.6943135918178722,0.015911291385903737,0.010208587883943363
sensefuzeai,sensefuzeai_P001,fatigued_20260611_145104_6a787316,sensefuzeai_fatigued_20260611_145104_6a787316_window_000,guided_multimodal_session,fatigued,sensefuzeai_collected_behaviour_label,fatigued,distracted,False,0.2260032557145156,0.6429824265096313,0.11260875772822292,0.01840556004763012
sensefuzeai,sensefuzeai_P001,fatigued_20260611_145104_6a787316,sensefuzeai_fatigued_20260611_145104_6a787316_window_001,guided_multimodal_session,fatigued,sensefuzeai_collected_behaviour_label,fatigued,focused,False,0.6895759085658132,0.10827973041564644,0.12059657612690981,0.08154778489163057
sensefuzeai,sensefuzeai_P001,fatigued_20260611_153016_6b03e9fa,sensefuzeai_fatigued_20260611_153016_6b03e9fa_window_000,guided_multimodal_session,fatigued,sensefuzeai_collected_behaviour_label,fatigued,distracted,False,0.24290918501155673,0.6441594033360913,0.0838946017629217,0.02903680988943013
sensefuzeai,sensefuzeai_P001,fatigued_20260611_153016_6b03e9fa,sensefuzeai_fatigued_20260611_153016_6b03e9fa_window_001,guided_multimodal_session,fatigued,sensefuzeai_collected_behaviour_label,fatigued,distracted,False,0.23655254768171743,0.6589054893954438,0.08501376163822989,0.019528201284609022
sensefuzeai,sensefuzeai_P001,focused_20260611_204136_cbee82eb,sensefuzeai_focused_20260611_204136_cbee82eb_window_000,guided_multimodal_session,focused,sensefuzeai_collected_behaviour_label,focused,focused,True,0.8040283106746382,0.03352655274700892,0.07914336948781074,0.08330176709054214
sensefuzeai,sensefuzeai_P001,focused_20260611_204136_cbee82eb,sensefuzeai_focused_20260611_204136_cbee82eb_window_001,guided_multimodal_session,focused,sensefuzeai_collected_behaviour_label,focused,focused,True,0.8116296211861275,0.023880234884960546,0.0865841547036624,0.0779059892252496
sensefuzeai,sensefuzeai_P001,focused_20260611_204500_f993608f,sensefuzeai_focused_20260611_204500_f993608f_window_000,guided_multimodal_session,focused,sensefuzeai_collected_behaviour_label,focused,focused,True,0.8085588469293845,0.0453517058941264,0.06431828627238613,0.08177116090410286
sensefuzeai,sensefuzeai_P001,focused_20260611_204500_f993608f,sensefuzeai_focused_20260611_204500_f993608f_window_001,guided_multimodal_session,focused,sensefuzeai_collected_behaviour_label,focused,focused,True,0.9092298663380795,0.009834367915438604,0.05497097269974732,0.025964793046734637
sensefuzeai,sensefuzeai_P001,focused_20260611_205628_48550edf,sensefuzeai_focused_20260611_205628_48550edf_window_000,guided_multimodal_session,focused,sensefuzeai_collected_behaviour_label,focused,focused,True,0.8507521918226267,0.035058201384941305,0.04360727561485122,0.0705823311775808
sensefuzeai,sensefuzeai_P001,focused_20260611_205628_48550edf,sensefuzeai_focused_20260611_205628_48550edf_window_001,guided_multimodal_session,focused,sensefuzeai_collected_behaviour_label,focused,focused,True,0.8549936091575027,0.02692361965179951,0.06149302898595372,0.05658974220474388
sensefuzeai,sensefuzeai_P001,focused_20260611_211246_1ae4c833,sensefuzeai_focused_20260611_211246_1ae4c833_window_000,guided_multimodal_session,focused,sensefuzeai_collected_behaviour_label,focused,focused,True,0.8449605463548944,0.02099563225123081,0.09625293330949652,0.03779088808437834
sensefuzeai,sensefuzeai_P001,focused_20260611_211246_1ae4c833,sensefuzeai_focused_20260611_211246_1ae4c833_window_001,guided_multimodal_session,focused,sensefuzeai_collected_behaviour_label,focused,focused,True,0.8250154709454937,0.028864135607206347,0.07008056375444406,0.07603982969285587
sensefuzeai,sensefuzeai_P001,focused_20260611_212055_0efb6c1c,sensefuzeai_focused_20260611_212055_0efb6c1c_window_000,guided_multimodal_session,focused,sensefuzeai_collected_behaviour_label,focused,focused,True,0.8278908978250307,0.028990438076028472,0.0890837949893918,0.05403486910954909
sensefuzeai,sensefuzeai_P001,focused_20260611_212055_0efb6c1c,sensefuzeai_focused_20260611_212055_0efb6c1c_window_001,guided_multimodal_session,focused,sensefuzeai_collected_behaviour_label,focused,focused,True,0.8540077586747465,0.017655183426007852,0.08516209859081642,0.043174959308429225
sensefuzeai,sensefuzeai_P001,focused_20260611_212329_23c05507,sensefuzeai_focused_20260611_212329_23c05507_window_000,guided_multimodal_session,focused,sensefuzeai_collected_behaviour_label,focused,focused,True,0.8381758299994906,0.032879772719555216,0.08856538490854801,0.04037901237240615
sensefuzeai,sensefuzeai_P001,focused_20260611_212329_23c05507,sensefuzeai_focused_20260611_212329_23c05507_window_001,guided_multimodal_session,focused,sensefuzeai_collected_behaviour_label,focused,focused,True,0.7836903854828124,0.013983537037657328,0.06035597612732575,0.14197010135220445
sensefuzeai,sensefuzeai_P001,focused_20260611_212552_f60b68e2,sensefuzeai_focused_20260611_212552_f60b68e2_window_000,guided_multimodal_session,focused,sensefuzeai_collected_behaviour_label,focused,focused,True,0.7959620765658915,0.01936418623385278,0.13141250628611698,0.05326123091413895
sensefuzeai,sensefuzeai_P001,focused_20260611_212552_f60b68e2,sensefuzeai_focused_20260611_212552_f60b68e2_window_001,guided_multimodal_session,focused,sensefuzeai_collected_behaviour_label,focused,focused,True,0.896352173258927,0.03203157330578153,0.04282486812188126,0.02879138531341018
sensefuzeai,sensefuzeai_P001,focused_20260611_214146_fe23427c,sensefuzeai_focused_20260611_214146_fe23427c_window_000,guided_multimodal_session,focused,sensefuzeai_collected_behaviour_label,focused,focused,True,0.8410395454560788,0.02377017456752041,0.08752321089584521,0.04766706908055557
sensefuzeai,sensefuzeai_P001,focused_20260611_214146_fe23427c,sensefuzeai_focused_20260611_214146_fe23427c_window_001,guided_multimodal_session,focused,sensefuzeai_collected_behaviour_label,focused,focused,True,0.8644967752315564,0.041509614237198074,0.04972849705575686,0.04426511347548861
sensefuzeai,sensefuzeai_P001,focused_20260611_215157_a6f558a0,sensefuzeai_focused_20260611_215157_a6f558a0_window_000,guided_multimodal_session,focused,sensefuzeai_collected_behaviour_label,focused,focused,True,0.8415159206617417,0.026243880411642773,0.06627500625271296,0.0659651926739026
sensefuzeai,sensefuzeai_P001,focused_20260611_215157_a6f558a0,sensefuzeai_focused_20260611_215157_a6f558a0_window_001,guided_multimodal_session,focused,sensefuzeai_collected_behaviour_label,focused,focused,True,0.8157628574277317,0.06032209580342723,0.06851370693775058,0.05540133983109043
sensefuzeai,sensefuzeai_P001,focused_20260611_221312_f3529433,sensefuzeai_focused_20260611_221312_f3529433_window_000,guided_multimodal_session,focused,sensefuzeai_collected_behaviour_label,focused,focused,True,0.853097744515207,0.010715216642995129,0.09954501566414428,0.036642023177653485
sensefuzeai,sensefuzeai_P001,focused_20260611_221312_f3529433,sensefuzeai_focused_20260611_221312_f3529433_window_001,guided_multimodal_session,focused,sensefuzeai_collected_behaviour_label,focused,focused,True,0.8824963213497308,0.02691998003722491,0.07040946085558321,0.020174237757461078
sensefuzeai,sensefuzeai_P001,focused_20260611_222026_38512cb9,sensefuzeai_focused_20260611_222026_38512cb9_window_000,guided_multimodal_session,focused,sensefuzeai_collected_behaviour_label,focused,focused,True,0.882006119506463,0.017244251987662475,0.06697294234168953,0.03377668616418502
sensefuzeai,sensefuzeai_P001,focused_20260611_222026_38512cb9,sensefuzeai_focused_20260611_222026_38512cb9_window_001,guided_multimodal_session,focused,sensefuzeai_collected_behaviour_label,focused,focused,True,0.8142273899395004,0.03360727286317498,0.13435652017922634,0.017808817018098375
sensefuzeai,sensefuzeai_P001,focused_20260611_222556_cb70389a,sensefuzeai_focused_20260611_222556_cb70389a_window_000,guided_multimodal_session,focused,sensefuzeai_collected_behaviour_label,focused,focused,True,0.8361407107495767,0.038423298312085415,0.07194507617479917,0.05349091476353871
sensefuzeai,sensefuzeai_P001,focused_20260611_222556_cb70389a,sensefuzeai_focused_20260611_222556_cb70389a_window_001,guided_multimodal_session,focused,sensefuzeai_collected_behaviour_label,focused,focused,True,0.8441394889772651,0.02066026117133477,0.11048677877750014,0.024713471073899995
sensefuzeai,sensefuzeai_P001,focused_20260612_001919_2f54218d,sensefuzeai_focused_20260612_001919_2f54218d_window_000,guided_multimodal_session,focused,sensefuzeai_collected_behaviour_label,focused,focused,True,0.8292673937951259,0.019467102939241088,0.07407708736966341,0.0771884158959695
sensefuzeai,sensefuzeai_P001,focused_20260612_001919_2f54218d,sensefuzeai_focused_20260612_001919_2f54218d_window_001,guided_multimodal_session,focused,sensefuzeai_collected_behaviour_label,focused,focused,True,0.9173652750405951,0.003166158027606553,0.06945842783914039,0.01001013909265791
sensefuzeai,sensefuzeai_P001,focused_20260612_003736_23860914,sensefuzeai_focused_20260612_003736_23860914_window_000,guided_multimodal_session,focused,sensefuzeai_collected_behaviour_label,focused,focused,True,0.8448441587194633,0.043465035203569154,0.04362050548707774,0.06807030058988987
sensefuzeai,sensefuzeai_P001,focused_20260612_003736_23860914,sensefuzeai_focused_20260612_003736_23860914_window_001,guided_multimodal_session,focused,sensefuzeai_collected_behaviour_label,focused,focused,True,0.8679490402902011,0.02597477238148001,0.06860415716106945,0.0374720301672493
sensefuzeai,sensefuzeai_P001,focused_20260612_010116_02f8d25e,sensefuzeai_focused_20260612_010116_02f8d25e_window_000,guided_multimodal_session,focused,sensefuzeai_collected_behaviour_label,focused,focused,True,0.809155758869072,0.013321004088132703,0.12635285595324686,0.051170381089548383
sensefuzeai,sensefuzeai_P001,focused_20260612_010116_02f8d25e,sensefuzeai_focused_20260612_010116_02f8d25e_window_001,guided_multimodal_session,focused,sensefuzeai_collected_behaviour_label,focused,focused,True,0.8883704293075226,0.003437948120968633,0.1006032710533147,0.007588351518194059
sensefuzeai,sensefuzeai_P001,focused_20260612_041735_5cb8f1cc,sensefuzeai_focused_20260612_041735_5cb8f1cc_window_000,guided_multimodal_session,focused,sensefuzeai_collected_behaviour_label,focused,focused,True,0.8359727715074317,0.04257355081520636,0.06953246778959826,0.05192120988776364
sensefuzeai,sensefuzeai_P001,focused_20260612_041735_5cb8f1cc,sensefuzeai_focused_20260612_041735_5cb8f1cc_window_001,guided_multimodal_session,focused,sensefuzeai_collected_behaviour_label,focused,focused,True,0.9008048333595879,0.029197077392289744,0.03913427241056339,0.03086381683755898
sensefuzeai,sensefuzeai_P001,overloaded_20260613_035141_5235db73,sensefuzeai_overloaded_20260613_035141_5235db73_window_000,guided_multimodal_session,overloaded,sensefuzeai_collected_behaviour_label,overloaded,focused,False,0.7405092537589657,0.0269567201939468,0.04419864427338896,0.1883353817736987
sensefuzeai,sensefuzeai_P001,overloaded_20260613_035141_5235db73,sensefuzeai_overloaded_20260613_035141_5235db73_window_001,guided_multimodal_session,overloaded,sensefuzeai_collected_behaviour_label,overloaded,focused,False,0.5309954119622394,0.2860845028000937,0.07386705998787285,0.1090530252497942
sensefuzeai,sensefuzeai_P001,overloaded_20260613_041802_3681915d,sensefuzeai_overloaded_20260613_041802_3681915d_window_000,guided_multimodal_session,overloaded,sensefuzeai_collected_behaviour_label,overloaded,focused,False,0.5253803718598209,0.39199759614211005,0.03310106923004034,0.04952096276802876
sensefuzeai,sensefuzeai_P001,overloaded_20260613_041802_3681915d,sensefuzeai_overloaded_20260613_041802_3681915d_window_001,guided_multimodal_session,overloaded,sensefuzeai_collected_behaviour_label,overloaded,focused,False,0.7720483852589523,0.046491015530680274,0.05108407155025252,0.13037652766011495
sensefuzeai,sensefuzeai_P001,overloaded_20260613_045651_e1cae297,sensefuzeai_overloaded_20260613_045651_e1cae297_window_000,guided_multimodal_session,overloaded,sensefuzeai_collected_behaviour_label,overloaded,focused,False,0.50666091020969,0.3262140552983354,0.05454966792409472,0.11257536656787998
sensefuzeai,sensefuzeai_P001,overloaded_20260613_045651_e1cae297,sensefuzeai_overloaded_20260613_045651_e1cae297_window_001,guided_multimodal_session,overloaded,sensefuzeai_collected_behaviour_label,overloaded,focused,False,0.5674033559059735,0.2744499243449076,0.09460845014022891,0.06353826960889013
sensefuzeai,sensefuzeai_P001,overloaded_20260613_045938_fc4e7e55,sensefuzeai_overloaded_20260613_045938_fc4e7e55_window_000,guided_multimodal_session,overloaded,sensefuzeai_collected_behaviour_label,overloaded,distracted,False,0.18382900859828624,0.5140478748924883,0.09374755490655208,0.20837556160267337
sensefuzeai,sensefuzeai_P001,overloaded_20260613_045938_fc4e7e55,sensefuzeai_overloaded_20260613_045938_fc4e7e55_window_001,guided_multimodal_session,overloaded,sensefuzeai_collected_behaviour_label,overloaded,focused,False,0.8364786423644142,0.03293265881383084,0.04641785646274774,0.08417084235900714
sensefuzeai,sensefuzeai_P001,overloaded_20260613_051231_7b9db862,sensefuzeai_overloaded_20260613_051231_7b9db862_window_000,guided_multimodal_session,overloaded,sensefuzeai_collected_behaviour_label,overloaded,distracted,False,0.36139423755217137,0.4719965231834157,0.05119287994211346,0.11541635932229952
sensefuzeai,sensefuzeai_P001,overloaded_20260613_051231_7b9db862,sensefuzeai_overloaded_20260613_051231_7b9db862_window_001,guided_multimodal_session,overloaded,sensefuzeai_collected_behaviour_label,overloaded,focused,False,0.5337840533390632,0.35050469367216536,0.05260402637092704,0.06310722661784428
sensefuzeai,sensefuzeai_P001,overloaded_20260613_052707_a46c3ca6,sensefuzeai_overloaded_20260613_052707_a46c3ca6_window_000,guided_multimodal_session,overloaded,sensefuzeai_collected_behaviour_label,overloaded,focused,False,0.512923366655506,0.33522859714121905,0.05775215434700543,0.0940958818562696
sensefuzeai,sensefuzeai_P001,overloaded_20260613_052707_a46c3ca6,sensefuzeai_overloaded_20260613_052707_a46c3ca6_window_001,guided_multimodal_session,overloaded,sensefuzeai_collected_behaviour_label,overloaded,focused,False,0.6773139942542014,0.20649524060444258,0.04822875893508013,0.06796200620627589
sensefuzeai,sensefuzeai_P001,overloaded_20260613_053549_f9ea0fcf,sensefuzeai_overloaded_20260613_053549_f9ea0fcf_window_000,guided_multimodal_session,overloaded,sensefuzeai_collected_behaviour_label,overloaded,focused,False,0.7153957162045457,0.15108519249355198,0.03338007682669331,0.10013901447520909
sensefuzeai,sensefuzeai_P001,overloaded_20260613_053549_f9ea0fcf,sensefuzeai_overloaded_20260613_053549_f9ea0fcf_window_001,guided_multimodal_session,overloaded,sensefuzeai_collected_behaviour_label,overloaded,distracted,False,0.08826870959084272,0.6351655846862158,0.10034588304016574,0.17621982268277572
sensefuzeai,sensefuzeai_P001,overloaded_20260613_055425_7c2f2c27,sensefuzeai_overloaded_20260613_055425_7c2f2c27_window_000,guided_multimodal_session,overloaded,sensefuzeai_collected_behaviour_label,overloaded,focused,False,0.7226543067862247,0.14534060359811676,0.04866619341689782,0.08333889619876082
sensefuzeai,sensefuzeai_P001,overloaded_20260613_055425_7c2f2c27,sensefuzeai_overloaded_20260613_055425_7c2f2c27_window_001,guided_multimodal_session,overloaded,sensefuzeai_collected_behaviour_label,overloaded,distracted,False,0.2693959871915841,0.5871314400098028,0.026441990321775216,0.11703058247683794
sensefuzeai,sensefuzeai_P001,overloaded_20260613_060312_7ba4e03f,sensefuzeai_overloaded_20260613_060312_7ba4e03f_window_000,guided_multimodal_session,overloaded,sensefuzeai_collected_behaviour_label,overloaded,distracted,False,0.25208258205139544,0.5098300644291786,0.133938217166905,0.10414913635252099
sensefuzeai,sensefuzeai_P001,overloaded_20260613_060312_7ba4e03f,sensefuzeai_overloaded_20260613_060312_7ba4e03f_window_001,guided_multimodal_session,overloaded,sensefuzeai_collected_behaviour_label,overloaded,distracted,False,0.41123421191762166,0.42819051092909716,0.05347737357969246,0.10709790357358867
sensefuzeai,sensefuzeai_P001,overloaded_20260613_061449_888168da,sensefuzeai_overloaded_20260613_061449_888168da_window_000,guided_multimodal_session,overloaded,sensefuzeai_collected_behaviour_label,overloaded,distracted,False,0.41904313003071514,0.43611529442436775,0.05837679988315983,0.0864647756617572
sensefuzeai,sensefuzeai_P001,overloaded_20260613_061449_888168da,sensefuzeai_overloaded_20260613_061449_888168da_window_001,guided_multimodal_session,overloaded,sensefuzeai_collected_behaviour_label,overloaded,focused,False,0.532732670202863,0.3040897809501161,0.07360202225468697,0.08957552659233414
sensefuzeai,sensefuzeai_P001,overloaded_20260613_070445_a662d2d0,sensefuzeai_overloaded_20260613_070445_a662d2d0_window_000,guided_multimodal_session,overloaded,sensefuzeai_collected_behaviour_label,overloaded,distracted,False,0.10285574606591853,0.6373177346059532,0.10549286826137838,0.15433365106674984
sensefuzeai,sensefuzeai_P001,overloaded_20260613_070445_a662d2d0,sensefuzeai_overloaded_20260613_070445_a662d2d0_window_001,guided_multimodal_session,overloaded,sensefuzeai_collected_behaviour_label,overloaded,focused,False,0.4761309979393916,0.3686718266075638,0.061886446897766054,0.09331072855527829
sensefuzeai,sensefuzeai_P001,overloaded_20260613_073132_d35881e6,sensefuzeai_overloaded_20260613_073132_d35881e6_window_000,guided_multimodal_session,overloaded,sensefuzeai_collected_behaviour_label,overloaded,distracted,False,0.086457094215144,0.7132188475867555,0.12826463911485486,0.07205941908324567
sensefuzeai,sensefuzeai_P001,overloaded_20260613_073132_d35881e6,sensefuzeai_overloaded_20260613_073132_d35881e6_window_001,guided_multimodal_session,overloaded,sensefuzeai_collected_behaviour_label,overloaded,distracted,False,0.24414795998252603,0.564728541581056,0.07197699001285239,0.11914650842356544
sensefuzeai,sensefuzeai_P001,overloaded_20260613_092601_4237b9a8,sensefuzeai_overloaded_20260613_092601_4237b9a8_window_000,guided_multimodal_session,overloaded,sensefuzeai_collected_behaviour_label,overloaded,distracted,False,0.07279065001735803,0.6779596750830337,0.11234431105076112,0.13690536384884724
sensefuzeai,sensefuzeai_P001,overloaded_20260613_092601_4237b9a8,sensefuzeai_overloaded_20260613_092601_4237b9a8_window_001,guided_multimodal_session,overloaded,sensefuzeai_collected_behaviour_label,overloaded,distracted,False,0.06984005721510418,0.5967218489838385,0.1874904595755011,0.14594763422555632
sensefuzeai,sensefuzeai_P001,overloaded_20260613_095014_1b1f646e,sensefuzeai_overloaded_20260613_095014_1b1f646e_window_000,guided_multimodal_session,overloaded,sensefuzeai_collected_behaviour_label,overloaded,distracted,False,0.0939529679970509,0.6498500361569283,0.1503937227057699,0.10580327314025094
sensefuzeai,sensefuzeai_P001,overloaded_20260613_095014_1b1f646e,sensefuzeai_overloaded_20260613_095014_1b1f646e_window_001,guided_multimodal_session,overloaded,sensefuzeai_collected_behaviour_label,overloaded,distracted,False,0.0400981838027869,0.7508638299820112,0.11931644372178445,0.0897215424934176
sensefuzeai,sensefuzeai_P001,overloaded_20260613_100549_801828bd,sensefuzeai_overloaded_20260613_100549_801828bd_window_000,guided_multimodal_session,overloaded,sensefuzeai_collected_behaviour_label,overloaded,distracted,False,0.04385968309388774,0.7797874310120461,0.10536106120038213,0.07099182469368405
sensefuzeai,sensefuzeai_P001,overloaded_20260613_100549_801828bd,sensefuzeai_overloaded_20260613_100549_801828bd_window_001,guided_multimodal_session,overloaded,sensefuzeai_collected_behaviour_label,overloaded,distracted,False,0.053832837231974906,0.6650482533943735,0.17423940593175463,0.10687950344189702
sensefuzeai,sensefuzeai_P001,overloaded_20260613_112526_05676b23,sensefuzeai_overloaded_20260613_112526_05676b23_window_000,guided_multimodal_session,overloaded,sensefuzeai_collected_behaviour_label,overloaded,distracted,False,0.09296098944003003,0.6059193118156355,0.11504633324342395,0.18607336550091055
sensefuzeai,sensefuzeai_P001,overloaded_20260613_112526_05676b23,sensefuzeai_overloaded_20260613_112526_05676b23_window_001,guided_multimodal_session,overloaded,sensefuzeai_collected_behaviour_label,overloaded,distracted,False,0.307084718253886,0.5037817178754906,0.07958225258182056,0.10955131128880287
sensefuzeai,sensefuzeai_P001,overloaded_20260613_121324_ec946a1d,sensefuzeai_overloaded_20260613_121324_ec946a1d_window_000,guided_multimodal_session,overloaded,sensefuzeai_collected_behaviour_label,overloaded,distracted,False,0.08983799360556279,0.6523150736944677,0.16547831345039854,0.0923686192495709
sensefuzeai,sensefuzeai_P001,overloaded_20260613_121324_ec946a1d,sensefuzeai_overloaded_20260613_121324_ec946a1d_window_001,guided_multimodal_session,overloaded,sensefuzeai_collected_behaviour_label,overloaded,focused,False,0.7402716333441499,0.09054530068440658,0.07642745503348115,0.09275561093796239
sensefuzeai,sensefuzeai_P001,overloaded_20260613_122230_d2fc4525,sensefuzeai_overloaded_20260613_122230_d2fc4525_window_000,guided_multimodal_session,overloaded,sensefuzeai_collected_behaviour_label,overloaded,distracted,False,0.08125016074206529,0.7023912700550956,0.14149541534103446,0.07486315386180466
sensefuzeai,sensefuzeai_P001,overloaded_20260613_122230_d2fc4525,sensefuzeai_overloaded_20260613_122230_d2fc4525_window_001,guided_multimodal_session,overloaded,sensefuzeai_collected_behaviour_label,overloaded,distracted,False,0.07683544804866234,0.692030406094576,0.09711486617484125,0.1340192796819204
sensefuzeai,sensefuzeai_P001,overloaded_20260613_122230_d2fc4525,sensefuzeai_overloaded_20260613_122230_d2fc4525_window_002,guided_multimodal_session,overloaded,sensefuzeai_collected_behaviour_label,overloaded,focused,False,0.6649597007898954,0.1575062339323759,0.12006321561319723,0.05747084966453141
sensefuzeai,sensefuzeai_P001,overloaded_20260613_122747_f78506bb,sensefuzeai_overloaded_20260613_122747_f78506bb_window_000,guided_multimodal_session,overloaded,sensefuzeai_collected_behaviour_label,overloaded,distracted,False,0.08675007765984002,0.6709852035269692,0.14714899260516281,0.09511572620802791
sensefuzeai,sensefuzeai_P001,overloaded_20260613_122747_f78506bb,sensefuzeai_overloaded_20260613_122747_f78506bb_window_001,guided_multimodal_session,overloaded,sensefuzeai_collected_behaviour_label,overloaded,distracted,False,0.22124349702795196,0.5931111924357186,0.08861203434960743,0.09703327618672204
